-- --------------------------------------------------------

--
-- Table structure for table `Admissao`
--

CREATE TABLE IF NOT EXISTS `Admissao` (
  `discipuloId` int(11) NOT NULL,
  `tipoAdmissao` int(11) NOT NULL,
  PRIMARY KEY (`discipuloId`,`tipoAdmissao`),
  UNIQUE KEY `discipuloId_UNIQUE` (`discipuloId`),
  KEY `fk_Discipulo_has_TipoAdmissao_TipoAdmissao1` (`tipoAdmissao`),
  KEY `fk_Admissao_Discipulo1` (`discipuloId`)
) ENGINE=InnoDB DEFAULT CHARSET=utf8;

--
-- Dumping data for table `Admissao`
--

INSERT INTO `Admissao` (`discipuloId`, `tipoAdmissao`) VALUES
(41, 3),
(42, 3),
(43, 1),
(46, 1),
(47, 1),
(48, 1),
(49, 2),
(50, 1),
(51, 1),
(52, 1),
(53, 1),
(54, 2),
(55, 3),
(56, 3),
(57, 3),
(58, 3),
(59, 1),
(60, 1),
(63, 1),
(65, 3),
(66, 1),
(67, 1),
(68, 3),
(71, 1),
(72, 3),
(73, 3),
(74, 3),
(75, 2),
(76, 3),
(77, 3),
(78, 2),
(79, 3),
(80, 3),
(82, 2),
(83, 2),
(85, 2),
(86, 1),
(87, 3),
(88, 2),
(89, 2),
(90, 2),
(91, 2),
(92, 3),
(95, 2),
(96, 3),
(97, 2),
(98, 2),
(99, 2),
(100, 2),
(101, 3),
(102, 2),
(103, 3),
(104, 3),
(105, 2),
(106, 1),
(107, 3),
(108, 3),
(109, 2),
(112, 3),
(114, 3),
(115, 2),
(116, 3),
(117, 3),
(119, 2),
(120, 2),
(121, 2),
(122, 3),
(124, 3),
(125, 3),
(126, 3),
(127, 1),
(128, 2),
(129, 2),
(130, 2),
(131, 3),
(132, 3),
(133, 2),
(134, 3),
(135, 2),
(136, 2),
(137, 3),
(138, 2),
(139, 2),
(140, 2),
(141, 3),
(142, 2),
(143, 2),
(144, 2),
(145, 3),
(146, 3),
(147, 2),
(148, 3),
(149, 3),
(150, 2),
(152, 2),
(154, 2),
(156, 2),
(157, 3),
(158, 3),
(160, 3),
(161, 3),
(162, 1),
(163, 2),
(166, 2),
(167, 2),
(168, 2),
(169, 2),
(170, 3),
(172, 2),
(173, 2),
(174, 2),
(175, 3),
(176, 3),
(178, 2),
(179, 2),
(180, 3),
(182, 3),
(183, 2),
(184, 3),
(185, 2),
(186, 2),
(187, 2),
(188, 2),
(189, 3),
(190, 3),
(191, 2),
(192, 2),
(193, 2),
(194, 2),
(196, 3),
(197, 2),
(198, 2),
(200, 3),
(201, 2),
(202, 3),
(204, 2),
(208, 3),
(211, 2),
(217, 3),
(218, 2),
(219, 2),
(221, 3),
(222, 2),
(223, 2),
(224, 2),
(225, 2),
(226, 2),
(227, 2),
(230, 3),
(240, 3),
(241, 3),
(243, 2),
(247, 2),
(252, 2),
(255, 2),
(259, 2),
(262, 3),
(267, 2),
(270, 3),
(277, 2),
(280, 2),
(281, 3),
(285, 2),
(287, 2),
(288, 1),
(289, 2),
(290, 1),
(291, 2),
(292, 2),
(293, 2),
(294, 2),
(295, 2),
(296, 2),
(297, 2),
(298, 2),
(299, 2),
(300, 2),
(302, 2),
(303, 2),
(304, 2),
(305, 2),
(306, 2),
(307, 2),
(309, 2),
(310, 2),
(311, 2),
(312, 2),
(313, 2),
(314, 2),
(315, 2),
(318, 2),
(319, 2),
(320, 2),
(321, 2),
(322, 2),
(323, 2),
(324, 2),
(325, 2),
(326, 2),
(327, 2),
(328, 2),
(330, 2),
(331, 2),
(332, 2),
(333, 2),
(334, 2),
(335, 2),
(336, 3),
(337, 2),
(338, 2),
(339, 2),
(341, 2),
(342, 2),
(343, 2),
(344, 2),
(346, 2),
(347, 2),
(348, 2),
(349, 2),
(350, 2),
(351, 2),
(352, 2),
(353, 2),
(354, 2),
(355, 2),
(356, 2),
(357, 2),
(358, 2),
(359, 2),
(360, 1),
(361, 1),
(362, 1),
(363, 1),
(364, 1),
(365, 1),
(366, 1),
(367, 1),
(368, 1),
(369, 1),
(370, 1),
(371, 1),
(372, 1),
(373, 1),
(374, 1),
(375, 1),
(376, 1),
(377, 1),
(378, 1),
(379, 1),
(380, 1),
(381, 1),
(382, 1),
(384, 1),
(385, 1),
(386, 1),
(387, 1),
(388, 1),
(389, 1),
(390, 1),
(391, 1),
(392, 1),
(393, 1),
(394, 1),
(395, 1),
(396, 1),
(397, 1),
(399, 1),
(400, 1),
(401, 1),
(402, 1),
(403, 1),
(404, 1),
(405, 1),
(406, 1),
(407, 1),
(408, 1),
(409, 1),
(410, 1),
(411, 1),
(412, 1),
(413, 1),
(414, 1),
(415, 1),
(416, 1),
(418, 1),
(419, 1),
(420, 1),
(421, 1),
(423, 3),
(424, 1),
(425, 2),
(426, 2),
(428, 2),
(429, 2),
(430, 2),
(431, 2),
(432, 2),
(434, 2),
(435, 2),
(436, 2),
(437, 2),
(439, 2),
(440, 2),
(441, 2),
(442, 2),
(443, 2),
(444, 2),
(445, 2),
(446, 2),
(448, 2),
(449, 2),
(450, 2),
(451, 2),
(452, 2),
(453, 2),
(454, 2),
(455, 2),
(456, 2),
(457, 2),
(458, 2),
(459, 2),
(460, 2),
(461, 2),
(462, 2),
(463, 2),
(465, 2),
(466, 2),
(467, 2),
(468, 2),
(469, 2),
(470, 2),
(471, 2),
(472, 2),
(473, 2),
(474, 2),
(475, 2);

-- --------------------------------------------------------

--
-- Table structure for table `Celula`
--

CREATE TABLE IF NOT EXISTS `Celula` (
  `id` int(11) NOT NULL AUTO_INCREMENT,
  `nome` varchar(45) DEFAULT NULL,
  `horarioFuncionamento` varchar(45) DEFAULT NULL,
  `endereco` varchar(45) DEFAULT NULL,
  `lider` int(11) DEFAULT NULL,
  PRIMARY KEY (`id`),
  KEY `fk_Celula_Discipulo2` (`lider`)
) ENGINE=InnoDB  DEFAULT CHARSET=utf8 AUTO_INCREMENT=71 ;

--
-- Dumping data for table `Celula`
--

INSERT INTO `Celula` (`id`, `nome`, `horarioFuncionamento`, `endereco`, `lider`) VALUES
(4, 'Wouerner - Crianças - 306', '17:00 - 18:00 - Sabado', '306-05A-01', 41),
(5, 'Wouerner - Crianças - 201', '10:00 - 11:00 - Domingo', '', 41),
(6, 'Ap.Marlene - 1º Equipe de 12 ', '', '', 76),
(7, 'Ap.Tião - 1º Equipe de 12 ', '', '', 42),
(8, 'Lidiane - Jovens', '', '', 68),
(9, 'Raquel - Jovens - 306', '20:00 - 21:00 - Quinta', '306-03-08', 54),
(10, 'Dária - Crianças - 306', '', 'Qd 306 conj 13 casa 13', 57),
(11, 'Paula Ventura - Jovens - 303', '17:30 as 18:30', '303-09-11', 114),
(12, 'Pr.Samuel - Jovens', '', '', 74),
(13, 'Bruno Campos - Jovens', '', '', 125),
(14, 'Ap.Marlene - 2º Equipe de 12 ', '', '', 76),
(15, 'Ap.Tião - 2º Equipe de 12 ', '', '', 42),
(16, 'Robert - Jovens - ', '', '', 157),
(17, 'Marcelo - Jovens', '20:00 às 21:00 - Quinta-Feira', 'Qd 110 conj. 05 cs 06 - Recanto das Emas', 96),
(18, 'Pr.Joel - Homens', '', '', 131),
(19, 'Pra.Kelly - Mulheres', '', '', 132),
(20, 'Shirley - Jovens', '', '', 55),
(21, 'Riviane - Jovens', '17:30 as 18:30', 'Quadra 307 Conjunto 02 casa 15', 146),
(22, 'Cristiane - Jovem ', '17:30 - 18:30 - Sabado', 'Quadra 110 Conjunto 05 Casa 06', 137),
(24, 'Ana Paula - Jovens', '17:30 às 18:30 - Sábado', 'Qd 110 conj. 05 cs 06 - Recanto das Emas', 112),
(25, 'Jordania - Jovens', '', '', 196),
(26, 'Wesley Dias - Jovens', '', '', 186),
(27, 'Eliezia - Mulheres', '', '', 149),
(28, 'Leonardo - Jovens', '', '', 87),
(29, 'Adriel - Jovens', '', '', 101),
(30, 'Silvaneto - Homens', '', '', 168),
(32, 'Michaell Stroid - Homens', '', '', 73),
(33, 'Lorrayne - Criança', '', '', 85),
(34, 'Ana Lucia  - Mulher', '', '', 109),
(35, 'Jesus Cristo', '', '', 38),
(36, 'Adriana Stroid - Mulher', '', '', 80),
(37, 'Ana Cristina  - Mulher', '', '', 77),
(43, 'Nazimar - Mulheres', '', '', 107),
(44, 'Anderson - Jovens', '', '', 289),
(45, 'Janaina - Mulheres ', '', '', 187),
(47, 'Miriam - Crianças', '14:00 hs as 15:00', 'Quadra 601 Conjunto 08 Casa 06', 58),
(48, 'Marquinhos - Jovens', '19:30 as 20:30', 'Quadra 405 Conjunto 09 Casa 04', 98),
(49, 'Alex''s - Jovens', '', '', 104),
(50, 'Ieda - Casais', '', '', 176),
(51, 'Maria de Fatima - Mulheres', '', '', 103),
(52, 'Douglas 101 - Crianças', '16:00 hs as 17:00', 'Quadra 101 Conjunto 07 Casa 11', 147),
(53, 'Douglas 102 - Crianças', '17:30 as 18:30', 'Quadra 102 Conj 16 Casa 02', 147),
(54, 'Juliana - Crianças', '15:30 a 16:30', 'Quadra 405 Conjunto 08 Casa 20', 72),
(55, 'Alicia- Crianças', '15:00 a 16:00', 'Quadra 201 Conjunto 06 Casa 02', 79),
(57, 'Amanda- Crianças', '19:00 as 20:00', 'Quadra 202 Conjunto 07 Casa 09', 75),
(60, 'Jessica - crianças 115', '15:30 a 16:30', 'Quadra 115 conj 1 casa 08', 191),
(61, 'Jessica - Crianças 306', '17:30 as 18:30', 'Quadra 306 Conjunto 02 Casa 14', 191),
(62, 'Raquel- Crianças 306', '16:00 as 17:00', 'Quadra 306 Conj 08 Casa 03', 54),
(63, 'Estefanie - Crianças 101(01)', '15:30 as 16:30', 'Quadra 101 Conjunto 06 Casa 07', 150),
(64, 'Estefánie - Crianças ( 02)', '17:30 a 18:30', 'Quadra 101 Conjunto 06 Casa 07', 150),
(65, 'Igor Dias- Crianças', '20:00 as 21:00', 'Quadra 101 Conjunto 06 Casa 06 Lote 02', 179),
(66, 'Ana Paula/Jaiane - Mulheres', '20:00 às 21:00 - Sexta-Feira', 'Qd 307, Conj. 19, cs 07 Recanto das Emas ', 112),
(67, 'Ana Paula - Mulheres', '20:00 às 21:00 - Terça-feira', 'Qd 110, Conj. 01, cs 08 Samambaia Sul ', 112),
(68, 'Marcelo - Homens', '20:00 às 21:00 - Terça-feira', 'Quadra 110 Conjunto 01 Casa 08  Samambaia', 96),
(69, 'Marcelo/Paulo - Homens', '20:00 às 21:00 - Sexta-Feira', 'Qd 308, Conj. 16, cs 18 Recanto das Emas ', 96),
(70, 'Ana Paula/Sandra Regina - Jovens', '15:30 às 16:30 - Sábado', 'Qd. 205, Conj. 19, cs 23 Recanto das Emas', 112);

-- --------------------------------------------------------

--
-- Table structure for table `Discipulo`
--

CREATE TABLE IF NOT EXISTS `Discipulo` (
  `id` int(11) NOT NULL AUTO_INCREMENT,
  `nome` varchar(45) DEFAULT NULL,
  `dataNascimento` date DEFAULT NULL,
  `sexo` char(1) DEFAULT 'm' COMMENT 'm -> Masculino\nf -> Feminino ',
  `estadoCivilId` int(11) DEFAULT NULL,
  `ativo` tinyint(1) NOT NULL,
  `telefone` varchar(45) DEFAULT NULL,
  `email` varchar(60) DEFAULT NULL,
  `endereco` varchar(45) DEFAULT NULL COMMENT '	',
  `nivel` varchar(45) DEFAULT NULL,
  `lider` int(11) DEFAULT NULL,
  `celula` int(11) DEFAULT NULL,
  `senha` varchar(45) DEFAULT NULL,
  PRIMARY KEY (`id`),
  UNIQUE KEY `email_UNIQUE` (`email`),
  KEY `fk_Discipulo_Discipulo` (`lider`),
  KEY `fk_Discipulo_Celula1` (`celula`),
  KEY `fk_Discipulo_EstadoCivil1` (`estadoCivilId`)
) ENGINE=InnoDB  DEFAULT CHARSET=utf8 AUTO_INCREMENT=476 ;

--
-- Dumping data for table `Discipulo`
--

INSERT INTO `Discipulo` (`id`, `nome`, `dataNascimento`, `sexo`, `estadoCivilId`, `ativo`, `telefone`, `email`, `endereco`, `nivel`, `lider`, `celula`, `senha`) VALUES
(38, 'Jesus Cristo', NULL, 'm', NULL, 1, NULL, 'jesus@ceu', NULL, NULL, NULL, NULL, '42abcf03455f97f1820113016f3d9ebd'),
(41, 'Wouerner Brandão Costa', '1989-11-27', 'm', 1, 0, '(61) 9374-2501', 'wouerner@mga12.org', 'Quadra 305 Cojunto 8B casa 11', NULL, 42, 7, 'fc33979bd98c97006fa77e62e1cb5c89'),
(42, 'Ap.Sebastião da Costa Veloso', '1969-08-18', 'm', 2, 0, '(61) 8443-0600', 'tiaoveloso12@gmail.com', 'Quadra 306 Conjunto 5A casa 01', NULL, 38, 35, 'c5da22a28f2e969e146d4069ef0129f0'),
(43, 'Lucas Gabriel', '2000-07-12', 'm', 1, 0, '(00) 0000-0000', 'lucas@ceu', 'Quadra 114 Conunto 03 casa 11', NULL, 41, 4, 'dc53fc4f621c80bdc2fa0329a6123708'),
(44, 'Kalliton Soares Cardoso', '2003-04-13', 'm', 1, 0, '(00) 0000-0000', 'kalliton@mga12', 'Quadra 114 Conjunto Conjunto 08 casa 16', NULL, 41, 4, 'ff5504e741d2b03c257de15744704f37'),
(45, 'Marcos Tavares de Souza', '1999-10-14', 'm', 1, 0, '(61) 9295-9205', 'marcos@mga12', 'Quadra 307 Conjunto 12 Casa 12', NULL, 41, 4, 'c5e3539121c4944f2bbe097b425ee774'),
(46, 'Gabriel Tavares de Souza', '1999-10-10', 'm', 1, 0, '(00) 0000-0000', 'gabriel@mga12', 'Quadra 307 Conjunto 12 Casa 12', NULL, 289, 44, '647431b5ca55b04fdf3c2fce31ef1915'),
(47, 'Lucas Dourado', '2000-01-05', 'm', 1, 0, '(00) 0000-0000', 'lucas@mga12', 'Quadra 307 Conjunto 04 Casa 02', NULL, 41, 4, 'dc53fc4f621c80bdc2fa0329a6123708'),
(48, 'Eduardo de Souza Moraes', '2012-01-05', 'm', 1, 0, '(00) 0000-0000', 'eduardo@mga12', 'Quadra 304 Conjunto 04 casa 17', NULL, 41, 4, '6d6354ece40846bf7fca65dfabd5d9d4'),
(49, 'Marcelo Henrique da Silva Correa', '2000-12-28', 'm', 1, 0, '(00) 0000-0000', 'herique@mga12', 'Quadra 301 Conjunto 07 casa 09', NULL, 101, 29, 'c5d34b5b23cc62e0837ae96e1b082a62'),
(50, 'Antonio Pedro Monteiro da Silva', '2012-05-01', 'm', 1, 0, '(61) 9374-2501', 'antonio@mga12', 'Quadra 201 Conjunto 05 Casa 01', NULL, 41, 5, '4a181673429f0b6abbfd452f0f3b5950'),
(51, 'Rener Gomes da Silva', '1999-11-10', 'm', 1, 0, '(61) 9374-2501', 'rener@mga12', 'Quadra 101 Conjunto 05 Casa 02', NULL, 41, 5, 'f6d41e3a0724fc1dd95298d7238b7d06'),
(52, 'Juan Augusto Alves Pereira', '2000-12-19', 'm', 1, 0, '(61) 9374-2501', 'juan@mga12', 'Quadra 101 Conjunto 05 Casa 01', NULL, 41, 5, 'a94652aa97c7211ba8954dd15a3cf838'),
(53, 'Adriano Santiago Campelo', '2004-03-31', 'm', 1, 0, '(61) 9374-2501', 'adriano@mga12', 'Quadra 101 Conjunto 05 casa 07', NULL, 41, 5, '79df64f73eab9bc0d7b448d2008d876e'),
(54, 'Raquel de Souza Santos', '1982-09-19', 'f', 1, 0, '(61) 8512-8710', 'raqsan12@gmail.com', 'Quadra 306 Conj 08 Casa 03', NULL, 76, 6, '57ceafd77af255d4c8267fc85237056e'),
(55, 'Shirley Ramos dos Santos', '2012-01-05', 'f', 1, 0, '(61) 3332-1762', 'shirleyramos12@gmail.com', 'Quadra 305 conjunto 01 casa 14', NULL, 76, 14, '3e81db87d6f217576192e17f12d98106'),
(56, 'Rayana Dias de Oliveira', '2012-05-16', 'f', 2, 0, '(61) 8424-6815', 'rayanaoliveira19@gmail.com', 'QS 09 RUA 120 LOTE 06 APT.205 AREAL', NULL, 54, 9, '068a9f277735bdecb5072326e3f4653c'),
(57, 'Dária Monteiro de Sousa', '2012-05-01', 'f', 1, 0, '(61) 8549-4853', 'darinha.ms@gmail.com', 'Qd 303 conjunto 09 casa 11', NULL, 54, 9, 'e10adc3949ba59abbe56e057f20f883e'),
(58, 'Miriam de Souza Santos', '1980-10-13', 'f', 1, 0, '(61) 8491-6355', 'miriamgadita@gmail.com', 'Quadra 306 Conjunto 08 Casa 03', NULL, 68, 8, '113908b40b4c47b9fe1ad2739a588d56'),
(59, 'Victorya Karine Carvalho', '2012-05-31', 'f', 1, 0, '(86) 9800-7979', 'vivigatinha56@hotmail.com', 'Quadra 201 conjunto 05 casa 01', NULL, 54, 9, '113908b40b4c47b9fe1ad2739a588d56'),
(60, 'Bianca da silva Ribeiro', '2012-05-16', 'f', 1, 0, '(61) 3331-5890', 'bianca-red@hotmail.com', 'Quadra 306 conj 13 casa 13', NULL, 54, 9, 'e10adc3949ba59abbe56e057f20f883e'),
(63, 'Vanessa Ventura de Oliveira', '2012-05-16', 'f', 1, 0, '(61) 8632-1187', 'darinha.good@yahoo.com.br', 'Quadra 114 conjunto 03 casa 11', NULL, 57, 10, 'e10adc3949ba59abbe56e057f20f883e'),
(65, 'Isabelle Beatriz', '2012-05-31', 'f', 1, 0, '(86) 9512-2256', 'isaba1@live.com', 'Quadra 201 conj 05 casa 01', NULL, 58, 47, '113908b40b4c47b9fe1ad2739a588d56'),
(66, 'Rafaella Fllorêncio Veloso', '2002-08-02', 'f', 1, 0, '(61) 3331-4327', 'rafinha06@hotmail.com', 'Quadra 306 Conjunto 05A casa 01', NULL, 57, 10, 'e10adc3949ba59abbe56e057f20f883e'),
(67, 'Yasmim Santos Lima', '2012-05-16', 'f', 1, 0, '(61) 8449-3005', 'yasmimsantos09@gmail.com', 'Quadra 306 Conjunto 08 Casa 03', NULL, 57, 10, 'e10adc3949ba59abbe56e057f20f883e'),
(68, 'Lidiane da Silva Sobrinho', '1979-09-28', 'f', 1, 0, '(61) 8440-7949', 'lidianemga12@gmail.com', 'Quadra 201 conj 05 casa 01', NULL, 76, 6, '07b13364168d707c85a4e8b47ffaa02e'),
(71, 'Maria Eduarda Pereira', '2012-05-16', 'f', 1, 0, '(61) 8538-0279', 'darinha_good@hotmail.com', 'Quadra 108 Conjunto 08 casa 14', NULL, 57, 10, 'e10adc3949ba59abbe56e057f20f883e'),
(72, 'JULIANA AGNES DE SOUZA GOMES', '1993-12-16', 'f', 1, 0, '(61) 8468-8769', 'juliana.agnes@hotmail.com', 'Qd 304 conj 04 casa 17 Recanto das Emas', NULL, 54, 9, '57b8fc383f272fbb4003fa7868112957'),
(73, 'Michaell Stroid Lima e Silva ', '2012-05-29', 'm', 2, 0, '(61) 3202-7678', 'mstroid@gmail.com', 'Shcgn 708 Bloco A Apto 16', NULL, 42, 7, '8aa5077bed42925158af0dc3afbe1ddb'),
(74, 'Pr.Samuel Victor', '1988-03-23', 'm', 1, 0, '(61) 8484-7698', 'samvict777@yahoo.com.br', 'Quadra 304 Conjunto 07 Casa 17', NULL, 42, 7, '11331557a3e72e8096e23d2b5a88ed83'),
(75, 'Amanda Nayara da Silva Lima', '1996-06-12', 'f', 1, 0, '(61) 8615-5381', 'amandiinha.liima@hotmail.com', 'Quadra 202 Conjunto 07 Casa 09', NULL, 68, 8, 'e974bb6b04440eb2af35f2f86e49a6d0'),
(76, 'Ap.Marlene Florêncio Veloso', '1969-01-19', 'f', 2, 0, '(61) 3332-3561', 'lenagadita@hotmail.com', 'Quadra 306 Conjunto 5A casa 01', NULL, 38, 35, 'f231c1677b9e5b7fbae89d82b13a364f'),
(77, 'Ana Cristina Souza Santos', '1968-05-02', 'f', 2, 0, '(61) 8463-4055', 'anacrisaninha@hotmail.com', 'Quadra 304 conjunto 04 casa 17 Recanto das Em', NULL, 76, 14, 'c20ad4d76fe97759aa27a0c99bff6710'),
(78, 'Gizielle Cinttia Pereira Rodrigues', '1991-12-15', 'f', 1, 0, '(61) 9309-6101', 'gizielle_cin@hotmai.com', 'Quadra 306 Conjunto 08 Casa 03', NULL, 68, 8, '36c916344cb6eac9b8af64f3d8453e68'),
(79, 'Alicia Bueno Lima', '2012-05-26', 'f', 1, 0, '(61) 3404-4619', 'aliciabueno12@hotmail.com', 'Quadra 201 conjunto 02 casa 06', NULL, 54, 9, '42bf09d524d7e56d340c8cd6f2e692ce'),
(80, 'Adriana Stroid Lima e Silva', '1986-02-10', 'f', 2, 0, '(61) 8625-2167', 'drimzd@gmail.com', 'Shcgn 708 Bloco A Apto 16', NULL, 76, 6, 'd41d8cd98f00b204e9800998ecf8427e'),
(82, 'Kleberson Gustavo Carvalho', '2012-05-29', 'm', 1, 0, '(61) 8123-6147', 'Kleber12@hotmail.com', 'Quadra 102 Conj 15 Casa 20', NULL, 186, 26, '110d46fcd978c24f306cd7fa23464d73'),
(83, 'Leidiane Florêncio Bezerra', '2012-05-31', 'f', 1, 0, '(61) 9323-7615', 'Leidiane@mga12', 'Quadra 306 Conj 2c Casa 04', NULL, 54, 9, '110d46fcd978c24f306cd7fa23464d73'),
(85, 'Lorrayne Tavares de Sousa', '2012-05-31', 'f', 1, 0, '(61) 9503-5087', 'lorrayne@mga12', 'Quadra 307 Conj 12 Casa 12', NULL, 137, 22, '110d46fcd978c24f306cd7fa23464d73'),
(86, 'Luan Gabriel Pinheiro Kleam', '2012-05-01', 'm', 1, 0, '(61) 3434-5889', 'luangabriel@mga12', 'Quadra 101 Conj 06 Casa 07', NULL, 41, 5, '110d46fcd978c24f306cd7fa23464d73'),
(87, 'Leonardo Monteiro Oliveira', '2012-05-01', 'm', 1, 0, '(61) 3331-1158', 'leonardo@mga12', 'Quadra 110 Conj 05 Casa 06', NULL, 42, 7, '110d46fcd978c24f306cd7fa23464d73'),
(88, 'Luan Oliveira Pereira', '2012-05-31', 'm', 1, 0, '(61) 3404-0758', 'luanoliveira@mga12', 'Quadra 105 Conj 13 Casa 11', NULL, 87, 28, '110d46fcd978c24f306cd7fa23464d73'),
(89, 'Luana Lopes Nunes', '2012-05-31', 'm', 1, 0, '(61) 9224-4229', 'luanalopes@mga12', 'Quadra 309 conj 01 casa 19', NULL, 114, 11, '110d46fcd978c24f306cd7fa23464d73'),
(90, 'Luana Oliveira Pereira', '2012-05-31', 'f', 1, 0, '(61) 3434-0758', 'luanaoliveira@mga12', 'Quadra 105 Conj 13b Casa 11', NULL, 196, 25, '110d46fcd978c24f306cd7fa23464d73'),
(91, 'Lucas Lopes Nunes', '2012-05-29', 'm', 2, 0, '(61) 9275-4875', 'lucas.lopesdf@gmail.com', 'QS. 09 RUA 120 LOTE 06 APT 205', NULL, 125, 13, '110d46fcd978c24f306cd7fa23464d73'),
(92, 'Luila da Conceicao Freitas', '2012-05-31', 'f', 1, 0, '(61) 8111-6600', 'luila@mga12', 'Quadra 110 conjunto 8a casa 02', NULL, 55, 20, '110d46fcd978c24f306cd7fa23464d73'),
(95, 'Luiza Thainá Campos', '2012-05-31', 'f', 1, 0, '(61) 3331-5289', 'luizathaina@mga12', 'Quadra 302 conjunto 09 casa 11', NULL, 114, 11, '110d46fcd978c24f306cd7fa23464d73'),
(96, 'Marcelo Pereira da Silva', '2012-05-31', 'm', 2, 0, '(61) 8282-2984', 'marcello12mga@gmail.com', 'Quadra 110 Conj 05 Casa 06', NULL, 42, 7, '110d46fcd978c24f306cd7fa23464d73'),
(97, 'Marco Aurélio Pereira da Rocha', '2012-05-31', 'm', 1, 0, '(61) 3434-1601', 'marcop@mga12', 'Quadra 206 Conjunto 03 Casa 05', NULL, 101, 29, '110d46fcd978c24f306cd7fa23464d73'),
(98, 'Marcos Aurélio Pires Ribeiro', '2012-05-31', 'm', 2, 0, '(61) 9270-7051', 'marcosa@mga12', 'Quadra 101 Conjunto 04 Casa 14', NULL, 186, 26, '110d46fcd978c24f306cd7fa23464d73'),
(99, 'Marcos Felype da Silva', '1997-09-14', 'm', 1, 0, '(61) 3021-4358', 'marcosf@mga12', 'Quadra 201 Conjunto 05 Casa 01', NULL, 74, 12, '110d46fcd978c24f306cd7fa23464d73'),
(100, 'Marcos Vinicio Barbosa', '2012-05-29', 'm', 2, 0, '(61) 3021-4358', 'marcospi@mga12', 'Quadra 201 conjunto 05 casa 01', NULL, 42, 7, '110d46fcd978c24f306cd7fa23464d73'),
(101, 'Adriel Bueno de O. Gomes', '1986-02-10', 'm', 1, 0, '(61) 8625-2167', 'ad@ad', 'Quadra 201 conjunto 02 casa 06', NULL, 125, 13, 'd41d8cd98f00b204e9800998ecf8427e'),
(102, 'Maria das Graças dias Pinheiro', '2012-05-29', 'f', 2, 0, '(61) 8599-4521', 'MariaG@mga12', 'Quadra 101 Conjunto 06 Casa 07', NULL, 132, 19, '110d46fcd978c24f306cd7fa23464d73'),
(103, 'Maria de Fatima da Silva Sobrinho', '2012-05-31', 'f', 2, 0, '(61) 3021-4358', 'Mariafatima@mga12', 'Quadra 201 Conjunto 05 Casa 01', NULL, 132, 19, '110d46fcd978c24f306cd7fa23464d73'),
(104, 'Alexsandro Costa Bitencourt', '1978-03-26', 'm', 2, 0, '(61) 8483-0862', 'alexsandro.bitencourt@hotmail.com', 'Quadra 307 Conjunto 15 Casa 04', NULL, 42, 15, 'd41d8cd98f00b204e9800998ecf8427e'),
(105, 'Maria Ivonete Araujo da Silva', '2012-05-31', 'f', 5, 0, '(61) 9225-4306', 'Mariaivonete@mga12', 'Quadra 307 conjunto 02 casa 14', NULL, 149, 27, '110d46fcd978c24f306cd7fa23464d73'),
(106, 'Amanda Vitoria Cunha', '2002-04-14', 'f', 1, 0, '(61) 8541-8440', 'amm@amm', 'Quadra 307 Conjunto 10 Casa 18', NULL, 85, 33, 'd41d8cd98f00b204e9800998ecf8427e'),
(107, 'Maria Nazimar Nascimento Dias', '1971-08-16', 'f', 2, 0, '(61) 9323-8865', 'Marianazimar@mga12', 'Quadra 300 conj 09 casa 10', NULL, 76, 14, '110d46fcd978c24f306cd7fa23464d73'),
(108, 'Mariana Monteiro Oliveira', '1991-11-23', 'f', 1, 0, '(61) 3331-1158', 'Marianam@mga12', 'Quadra 110 Conjunto 05 Casa 06', NULL, 112, 24, '110d46fcd978c24f306cd7fa23464d73'),
(109, 'Ana Lucia Dias Silva Pinheiro', '1985-12-20', 'f', 2, 0, '(61) 8629-2454', 'aaaa@aaaa', 'Quadra 101 Conjunto 06 Casa 07', NULL, 132, 19, 'd41d8cd98f00b204e9800998ecf8427e'),
(112, 'Ana Paula Monteiro Oliveira da Silva', '1983-11-30', 'f', 2, 0, '(61) 8587-5665', 'aninhamga12@gmail.com', 'Quadra 110 Conjunto 05 casa 06', NULL, 76, 6, 'd41d8cd98f00b204e9800998ecf8427e'),
(114, 'Ana Paula Ventura L. Bitencourt', '1983-09-19', 'f', 2, 0, '(61) 8563-1374', 'paula_adoradora12@yahoo.com.br', 'Quadra 114 Conjunto 03 Casa 11', NULL, 76, 6, 'd41d8cd98f00b204e9800998ecf8427e'),
(115, 'Maxwel Rios Andrade', '2012-05-31', 'm', 1, 0, '(61) 3331-4327', 'Max@mga12', 'Quadra 310 conjunto 08 casa 19', NULL, 125, 13, '110d46fcd978c24f306cd7fa23464d73'),
(116, 'Andreliene Santos Vieira Sobrinho', '1984-12-20', 'f', 2, 0, '(61) 8541-4840', 'andreasobrinhos@gmail.com', 'Quadra 307 Conjunto 10 casa 18', NULL, 77, 37, 'd41d8cd98f00b204e9800998ecf8427e'),
(117, 'Michael da Silva Sobrinho', '2012-05-31', 'm', 2, 0, '(61) 8625-5169', 'Michaels@mga12', 'Quadra 201 conjunto 05 casa 01', NULL, 42, 15, '110d46fcd978c24f306cd7fa23464d73'),
(119, 'Antonia Nubia Monteiro da Silva', '1978-09-27', 'f', 2, 0, '(61) 8614-3212', 'anton@anto', 'Quadra 201 Conjunot 05 Casa 06', NULL, 80, 36, 'd41d8cd98f00b204e9800998ecf8427e'),
(120, 'Antonio Pedro Sobrinho', '1939-11-05', 'm', 2, 0, '(61) 8166-0451', 'assa@asas', 'Quadra 201 Connjunto 05 Casa 01', NULL, 73, 32, 'd41d8cd98f00b204e9800998ecf8427e'),
(121, 'Nataly Cristina Gomes Rocha', '2012-05-31', 'f', 1, 0, '(61) 8506-5004', 'natally.cristina@gmail.com', 'Quadra 509 Conjunto 07 casa 05', NULL, 146, 21, '110d46fcd978c24f306cd7fa23464d73'),
(122, 'Paulo José R.Guimaraes', '2012-05-31', 'm', 1, 0, '(61) 3041-7644', 'Pauloj@mga12', 'Quadra 101 conjunto 06 casa 05', NULL, 186, 26, '110d46fcd978c24f306cd7fa23464d73'),
(124, 'Paulo Renato Brito Barbosa', '1985-02-26', 'm', 1, 0, '(61) 3331-4897', 'paulorenat@mga12', 'Quadra 308 conjunto 16 casa 18', NULL, 96, 17, '72aaecacee08f7d2a4eca1ecac6a10cb'),
(125, 'Bruno Campos de Mesquita', '1987-09-14', 'm', 1, 0, '(61) 8479-2332', 'brunoadorador@gmail.com', 'Quadra 302 Conjunto 09 Casa 11', NULL, 42, 7, 'd41d8cd98f00b204e9800998ecf8427e'),
(126, 'Bruno Cirqueira Alves ', '1993-02-04', 'm', 1, 0, '(61) 3434-5027', 'asdddj@jj', 'Quadra 205 Conjunto 23 casa 07', NULL, 125, 13, 'd41d8cd98f00b204e9800998ecf8427e'),
(127, 'Pedro Wilson Ventura neto', '2003-10-27', 'm', 1, 0, '(61) 3021-4040', 'pedrowilson@mga12', 'Quadra 114 Conjunto 03 casa 11', NULL, 41, 4, '110d46fcd978c24f306cd7fa23464d73'),
(128, 'Bruno Rodrigues da Silva', '1992-02-23', 'm', 1, 0, '(61) 9273-0967', 'asl@l', 'Quadra 306 Conjunto 08 casa 13', NULL, 74, 12, 'd41d8cd98f00b204e9800998ecf8427e'),
(129, 'Plinio Oliveira Costa Kleaim', '2012-05-29', 'm', 2, 0, '(61) 3434-5889', 'plinio@mga12', 'Quadra 101 Conjunto 06 Casa 07', NULL, 131, 18, '110d46fcd978c24f306cd7fa23464d73'),
(130, 'Cesar Augusto Carvalho', '1988-02-10', 'm', 1, 0, '(61) 8540-8506', 'cesar@cesar', 'Quadra 102 Conjunto 19 casa 05', NULL, 125, 13, 'd41d8cd98f00b204e9800998ecf8427e'),
(131, 'Pr.Joel Gomes de Lima', '2011-11-01', 'm', 2, 0, '(61) 8467-7478', 'prjoel@mga12.org', 'Quadra 201 conjunto 06 casa 06', NULL, 42, 7, '110d46fcd978c24f306cd7fa23464d73'),
(132, 'Pra.Kelly Maria Bueno de O. Gomes', '2012-05-29', 'f', 2, 0, '(61) 8489-2144', 'prkellyb@mga12.org', 'Quadra 201 conjunto 06 casa 02', NULL, 76, 6, '110d46fcd978c24f306cd7fa23464d73'),
(133, 'Cleonice Pinto Cirqueira', '1956-11-24', 'f', 1, 0, '(61) 3434-5027', 'cleo@cleo', 'Quadra 205 Conjuntp 23 Casa 07', NULL, 132, 19, 'd41d8cd98f00b204e9800998ecf8427e'),
(134, 'Priscila Evelyn Souza Gomes', '2012-05-31', 'f', 1, 0, '(61) 3331-2238', 'prievelyn@mga12', 'Quadra 304 conj 04 casa 17', NULL, 76, 6, '110d46fcd978c24f306cd7fa23464d73'),
(135, 'Conceição Maria Martins', '1973-12-08', 'f', 1, 0, '(00) 0000-0000', 'sadasdwsad@ddd', 'Quadra 204 Conjunto 10 Casa 08', NULL, 149, 27, 'd41d8cd98f00b204e9800998ecf8427e'),
(136, 'Rafael Barbosa Da silva', '2012-06-01', 'm', 1, 0, '(61) 3331-4327', 'rafaelbarbosa@mga12', 'Quadra 402 conjunto 01 casa 01', NULL, 186, 26, '110d46fcd978c24f306cd7fa23464d73'),
(137, 'Cristiane Monteiro Oliveira', '1989-09-24', 'f', 1, 0, '(61) 8469-7851', 'cris.mga12@yahoo.com.br', 'Quadra 110 Conjunto 05 Casa 06', NULL, 76, 6, 'd41d8cd98f00b204e9800998ecf8427e'),
(138, 'Railson Silva dos Santos', '1984-07-05', 'm', 2, 0, '(61) 8461-5451', 'railson@bigbox.com.br', 'Quadra 110 Conj 05 Casa 06', NULL, 96, 17, '110d46fcd978c24f306cd7fa23464d73'),
(139, 'Daniely Lins Meideiros ', '1992-05-15', 'f', 1, 0, '(61) 9157-2295', 'danyelly.lins.medeiros@gmail.com', 'Quadra 305 Conuunto 8 Casa 04', NULL, 146, 21, 'd41d8cd98f00b204e9800998ecf8427e'),
(140, 'Ramon Soares Rodrigues', '1992-08-28', 'm', 1, 0, '(61) 3331-2408', 'ramons@mga12', 'Quadra 306 conj 09 casa 09', NULL, 74, 12, '110d46fcd978c24f306cd7fa23464d73'),
(141, 'Debora Dennise Guedes dos Ramos', '1993-01-11', 'f', 2, 0, '(61) 9195-6687', 'debora.dennise@yahoo.com.br', 'Quadra 306 Conjunto 08 casa 13', NULL, 146, 21, 'd41d8cd98f00b204e9800998ecf8427e'),
(142, 'Reginaldo Ribeiro da Silva', '1975-05-05', 'm', 2, 0, '(61) 9902-8300', 'reg.silvaribeiro@hotmail', 'Quadra 306 conj 13 casa 03', NULL, 42, 7, '110d46fcd978c24f306cd7fa23464d73'),
(143, 'Diego Cardoso De Souza', '1994-06-10', 'm', 1, 0, '(61) 8593-2378', 'diegogg@dieee', 'Quadra 101 Conjunto 08 Casa 08', NULL, 186, 26, 'd41d8cd98f00b204e9800998ecf8427e'),
(144, 'Renata Meneses', '2085-04-15', 'f', 1, 1, '(61) 3331-4327', 'renata@mga12', 'Quadra 111 conj 04 casa 06', NULL, 137, 22, '110d46fcd978c24f306cd7fa23464d73'),
(145, 'Diego Santos de Brito', '1990-05-02', 'm', 1, 0, '(61) 9207-9298', 'diide@dii', 'Quadra 306 Conjunto 06 Cas 11', NULL, 125, 13, 'd41d8cd98f00b204e9800998ecf8427e'),
(146, 'Riviane Lima Santos', '1988-06-09', 'f', 1, 0, '(61) 9302-2926', 'rivi.impacto47@gmail.com', 'Quadra 405 Conj 08 casa 20', NULL, 76, 14, '110d46fcd978c24f306cd7fa23464d73'),
(147, 'Douglas Lima barbosa', '1995-03-08', 'm', 1, 0, '(61) 9169-2607', 'aaaaaa@ddsa', 'Quadra 511 Conjuntoi 21 casa 09', NULL, 125, 13, 'd41d8cd98f00b204e9800998ecf8427e'),
(148, 'Eliaquim Oliveira Meideiros', '1990-05-02', 'm', 2, 0, '(61) 8516-8772', 'eliasss@aliaasfd', 'Sha Conjunto 46/01 Casa 22', NULL, 42, 15, 'd41d8cd98f00b204e9800998ecf8427e'),
(149, 'Eliezia Francisca da Silva Ribeiro', '1979-12-29', 'f', 2, 0, '(61) 8510-9414', 'eliamga@hotmail.com', 'Quadra 306 Conjunto 13 casa 03', NULL, 76, 6, 'd41d8cd98f00b204e9800998ecf8427e'),
(150, 'Estefanie Dias da Silva Pinheiro', '1993-02-26', 'f', 1, 0, '(61) 9101-3168', 'jjjj@slsl', 'Quadra 101 Conjunto 06 Casa 07', NULL, 196, 25, 'd41d8cd98f00b204e9800998ecf8427e'),
(152, 'Felipe Martins da Silva', '1994-12-10', 'm', 1, 0, '(61) 0000-0000', 'asdfasdf@dfdfd', 'Quadra 206 Conjunto 15 Casa 13', NULL, 101, 29, 'd41d8cd98f00b204e9800998ecf8427e'),
(154, 'Fernanda Maria Ferreira Silva', '1988-04-27', 'f', 2, 0, '(61) 9204-4743', 'fernanda_montenegra@yahoo.com.br', 'Quadra 110 Conjunto 05 casa 06', NULL, 112, 24, 'd41d8cd98f00b204e9800998ecf8427e'),
(155, 'Florêncio Oliveira Neto', '2012-05-01', 'm', 2, 0, '(61) 3434-5889', 'flf@dll', 'Quadra 101 Conjunto 06 Casa 07', NULL, 131, 18, 'd41d8cd98f00b204e9800998ecf8427e'),
(156, 'Garden de Souza Soares', '1979-05-19', 'm', 2, 0, '(61) 8582-8495', 'gearde@fa', 'Quadra 114 Conjunto 8 casa 16', NULL, 42, 7, 'd41d8cd98f00b204e9800998ecf8427e'),
(157, 'Robert Paulo de Almeida', '2012-05-31', 'm', 1, 0, '(61) 3331-3067', 'robertpaulo@mga12', 'Quadra 109 conj 06 casa 06', NULL, 42, 7, '110d46fcd978c24f306cd7fa23464d73'),
(158, 'Geiza Monteiro Maria da Silva', '1972-12-08', 'f', 1, 0, '(61) 8592-7753', 'feiid@dder', 'Quadra 201 Connjunto 05 Casa 01', NULL, 76, 14, 'd41d8cd98f00b204e9800998ecf8427e'),
(160, 'Genivaldo Gomes dos Santos', '1955-12-07', 'm', 2, 0, '(61) 8508-8890', 'genevalente@yahoo.com.br', 'Quadra 304 Conunto 04 Casa 17', NULL, 42, 15, 'd41d8cd98f00b204e9800998ecf8427e'),
(161, 'Samara Meneses Silva', '1993-07-18', 'f', 1, 0, '(61) 3081-9911', 'samara@mga12', 'Quadra 111 conjunto 04 casa 06', NULL, 112, 24, '110d46fcd978c24f306cd7fa23464d73'),
(162, 'Geovanna Marques dos Santos', '2005-04-07', 'f', 1, 0, '(61) 8541-4840', 'dasfffkk@ddsao', 'Quadra 307 Conjunto 10 Casa 18', NULL, 85, 33, 'd41d8cd98f00b204e9800998ecf8427e'),
(163, 'Sandra Regina', '1987-10-20', 'f', 1, 0, '(61) 3331-4327', 'sandraregi@mga12', 'Quadra 205 conj 19 casa 23', NULL, 112, 24, '110d46fcd978c24f306cd7fa23464d73'),
(166, 'Selma C Dias da S. Pinheiro', '2012-05-31', 'f', 2, 0, '(61) 3331-4327', 'selmadias@mga12', 'Quadra 101 conjunto 06 casa 05', NULL, 132, 19, '110d46fcd978c24f306cd7fa23464d73'),
(167, 'Gleice Kelen Ribeiro', '1995-02-14', 'f', 1, 0, '(61) 9281-4082', 'sssaa@sas', 'Quadra 306 Conjunto 03 casa 13', NULL, 55, 20, 'd41d8cd98f00b204e9800998ecf8427e'),
(168, 'Silvaneto Alves Dos Santos', '1980-08-03', 'm', 2, 0, '(61) 9139-7387', 'svneto2@gmail.com', 'Quadra 300 conjunto 09 casa 10', NULL, 42, 7, '110d46fcd978c24f306cd7fa23464d73'),
(169, 'Guilherme Henrique Pereira Da', '1996-09-10', 'm', 1, 0, '(61) 8587-8437', 'dsaffl@dssae', 'Quadra 206 Conjunto 03 Casa 15', NULL, 101, 29, 'd41d8cd98f00b204e9800998ecf8427e'),
(170, 'Sinara Botelho de Souza', '2012-06-01', 'f', 2, 0, '(61) 3331-4327', 'sinara@mga12', 'Quadra 504 conjunto 13 casa 23', NULL, 76, 14, '110d46fcd978c24f306cd7fa23464d73'),
(172, 'Sonia Maria dos Santos oliveira', '2012-06-01', 'f', 5, 0, '(61) 3332-4530', 'soniamaria@mga12', 'Quadra 307 conjunto 10 casa 18', NULL, 149, 27, '110d46fcd978c24f306cd7fa23464d73'),
(173, 'Soraya da Silva Sobrinho', '2012-05-31', 'f', 2, 0, '(61) 3021-4358', 'soraya@mga12', 'Quadra 201 conjunto 05 casa 01', NULL, 76, 6, '110d46fcd978c24f306cd7fa23464d73'),
(174, 'Hugo Dias da Silva Pinheiro', '1994-09-01', 'm', 1, 0, '(61) 3434-5889', 'hugo_pinheiro12@live.com', 'Quadra 101 Conjunto 06 Casa 07', NULL, 125, 13, 'd41d8cd98f00b204e9800998ecf8427e'),
(175, 'Tereza Cristina Lemes Lacerda', '1989-12-12', 'f', 1, 0, '(61) 3332-2192', 'tuerezi@hotmail.com', 'Quadra 306 conjunto 5a casa 07', NULL, 76, 14, '110d46fcd978c24f306cd7fa23464d73'),
(176, 'Ieda Monteiro Viana Oliveira', '1964-07-23', 'f', 2, 0, '(61) 8465-2589', 'ieda@ieda', 'Quadra 110 Conjunto 05 Casa 06', NULL, 76, 14, 'd41d8cd98f00b204e9800998ecf8427e'),
(178, 'Valdirene Queroz Dos Santos(excluir, em dupli', '2012-06-01', 'f', 1, 0, '(61) 3331-4327', 'valdirene@mga12', 'Quadra 307 conjunto 8a casa 08', NULL, 149, 27, '110d46fcd978c24f306cd7fa23464d73'),
(179, 'Igor Dias Pinheiro', '1996-05-18', 'm', 1, 0, '(61) 8464-8918', 'igo@go', 'Quadra 101 Conjunto 06 Casa 07', NULL, 125, 13, 'd41d8cd98f00b204e9800998ecf8427e'),
(180, 'Vivian Pedroza Cabral', '2012-05-31', 'f', 2, 0, '(61) 3331-4327', 'vivian@mga12', 'sha conj 05 char 46/1 casa 22', NULL, 76, 14, '110d46fcd978c24f306cd7fa23464d73'),
(182, 'Walisson Barbosa de Souza', '2012-05-31', 'm', 1, 0, '(61) 3331-2654', 'walissonb@mga12', 'Quadra 306 conjunto 2a casa 19', NULL, 74, 12, '110d46fcd978c24f306cd7fa23464d73'),
(183, 'Israel Rodrigues ', '2012-05-01', 'm', 1, 0, '(00) 0000-0000', 'ddd@ss', '00', NULL, 157, 16, 'd41d8cd98f00b204e9800998ecf8427e'),
(184, 'Wanderson Ricardo Pereira Queiroz', '2012-05-31', 'm', 2, 0, '(61) 3403-9204', 'Wanderson@mga12', 'qnn 21 conj n casa 30', NULL, 42, 15, '110d46fcd978c24f306cd7fa23464d73'),
(185, 'Janaina Costa dos Santos', '1988-07-27', 'f', 2, 0, '(61) 9101-9218', 'jajddd@ddsaaa', 'Quadra 111 Conjunto 05 Casa 05', NULL, 132, 19, 'd41d8cd98f00b204e9800998ecf8427e'),
(186, 'Wesley Dias da Silva Pinheiro', '2012-05-31', 'm', 1, 0, '(61) 3434-5889', 'wesleydias@mga12', 'Quadra 101 Conj 06 Casa 07', NULL, 42, 15, '110d46fcd978c24f306cd7fa23464d73'),
(187, 'Janaina Rodrigues Cardoso', '1981-12-04', 'f', 2, 0, '(61) 8582-8492', 'janaina.mga12@gmail.com', 'Quadra 114 Conjunto 8 casa 16', NULL, 76, 6, 'd41d8cd98f00b204e9800998ecf8427e'),
(188, 'Wesley Silva Matias', '2012-05-31', 'm', 2, 0, '(61) 3331-5732', 'wesleysilva@mga12', 'Quadra 111 conj 05 casa 05', NULL, 131, 18, '110d46fcd978c24f306cd7fa23464d73'),
(189, 'Jaqueline Felix Ferreira', '1987-01-18', 'f', 1, 0, '(61) 0000-0000', 'fjjhjhh@dkko', 'Quadra 304 Conjunbto 04 Casa 04', NULL, 55, 20, 'd41d8cd98f00b204e9800998ecf8427e'),
(190, 'Weslley Santos de Brito', '2012-05-31', 'm', 1, 0, '(61) 8598-7056', 'weslleybrito@mga12', 'Quadra 306 conj 06 casa 11', NULL, 125, 13, '110d46fcd978c24f306cd7fa23464d73'),
(191, 'Jessica Paes Landim', '1991-06-06', 'f', 1, 0, '(61) 9181-5599', 'jessikalandim@gmail.com', 'Quadra 307 Conjunto 3 Casa 20', NULL, 54, 9, 'd41d8cd98f00b204e9800998ecf8427e'),
(192, 'Jessica Silva Ribeiro', '1997-01-05', 'f', 1, 0, '(61) 9357-4081', 'jessica.adoradora@hotmail.com', 'Quadra 306 Conjunto 13 casa 03', NULL, 146, 21, 'd41d8cd98f00b204e9800998ecf8427e'),
(193, 'João de Deus barbosa Oliveira', '1959-03-08', 'm', 2, 0, '(61) 8623-9447', 'joaooa@joaoo', 'Quadra 110 Conjunto 05 Casa 06', NULL, 42, 15, 'd41d8cd98f00b204e9800998ecf8427e'),
(194, 'João Paulo Vieira G. Silva', '1993-03-10', 'm', 1, 0, '(61) 3334-1012', 'joaooo@koo', 'Quadra 101 Conjunto 05 Casa 04', NULL, 186, 26, 'd41d8cd98f00b204e9800998ecf8427e'),
(196, 'Jordania Cunha do Vale', '1988-03-29', 'f', 1, 0, '(61) 9268-6970', 'jojojoj@jojojo', 'Quadra 401 Conjunto 06 Casa 01', NULL, 76, 6, 'd41d8cd98f00b204e9800998ecf8427e'),
(197, 'Josue Ailton da Silva', '1986-10-10', 'm', 1, 0, '(61) 0000-0000', 'ailtonn@nnoe', 'Quadra 114 Conjunto 11 casa 21', NULL, 168, 30, 'd41d8cd98f00b204e9800998ecf8427e'),
(198, 'Luan Augusto Alves Pereira', '2000-11-19', 'm', 1, 0, '(61) 9348-1931', 'luannna@luann', 'Quadra 101 Conjunto 05 Casa 01', NULL, 87, 28, 'd41d8cd98f00b204e9800998ecf8427e'),
(200, 'Karina Andressa Ventura', '1996-02-11', 'f', 1, 0, '(61) 8632-1187', 'anndd@ddfdf', 'Quadra 114 Conjunto 03 casa 11', NULL, 114, 11, 'd41d8cd98f00b204e9800998ecf8427e'),
(201, 'Karoline de Lima Santana', '1992-03-22', 'f', 2, 0, '(61) 0000-0000', 'karolld@dkkg', 'Quadra 401 Conjunto 05 Casa 03', NULL, 109, 34, 'd41d8cd98f00b204e9800998ecf8427e'),
(202, 'Kenia de Oliveira Pereira', '1987-05-15', 'f', 2, 0, '(61) 8590-2100', 'ddddddssdd@kkkk', 'Quadra 102 Conjunto 21 Casa 06', NULL, 76, 14, 'd41d8cd98f00b204e9800998ecf8427e'),
(204, 'Adriano Alves de Barros', '1985-06-24', 'm', 1, 0, '(61) 3357-3583', 'adriano@gmail.com', 'Qd 508-04-12', NULL, 168, 30, 'd41d8cd98f00b204e9800998ecf8427e'),
(208, 'Joice Xavier Guimarães de Moraes', '1988-03-02', 'f', 1, 0, '(61) 8490-1150', 'joyce.morais.963@facebook.com', 'Quadra: 307 Conjunto 02 Casa: 15', NULL, 146, 21, 'd41d8cd98f00b204e9800998ecf8427e'),
(211, 'Gabrielly Vitorino dos Santos', '1998-05-07', 'f', 1, 0, '(61) 8456-1635', 'g@mga12.prg', 'Quadra 601 Conjunto 08 Casa 06', NULL, 68, 8, 'd41d8cd98f00b204e9800998ecf8427e'),
(214, 'Nayara Moreira da Conceição', '1996-12-23', 'f', 1, 0, '(61) 3404-3364', 'nay@nau', 'Quadra 202 Conjunto 06 Casa 18', NULL, 68, 8, 'd41d8cd98f00b204e9800998ecf8427e'),
(215, 'Lorrayne De Sousa Monteiro', '1996-07-28', 'f', 1, 0, '(61) 3021-4358', 'lora@lora', 'Quadra 201 Conjunto 05  casa 01', NULL, 68, 8, 'd41d8cd98f00b204e9800998ecf8427e'),
(217, 'Ayslan Mateus Ribeiro De Oliveira', '1988-05-07', 'm', 1, 0, '(61) 8272-9009', 'ays@ayslk', 'Quadra 306 Conjunto 02 Casa10', NULL, 74, 12, 'd41d8cd98f00b204e9800998ecf8427e'),
(218, 'Jose Alves Dos Santos', '1994-05-05', 'm', 1, 0, '(61) 8137-2335', 'jose@jose1223', 'Quadra 300 Conjunto 09 Casa 10', NULL, 74, 12, 'd41d8cd98f00b204e9800998ecf8427e'),
(219, 'Jaiane Caroline Mendes De Sousa', '1993-09-06', 'f', 1, 0, '(61) 8445-8011', 'jaiane.caroline@hotmail.com', 'Quadra 110 Conjunto 01 Casa 08  Samambaia', NULL, 112, 24, 'd41d8cd98f00b204e9800998ecf8427e'),
(220, 'Kamila Aldemir Da Costa', '1998-05-30', 'f', 1, 0, '(61) 9210-7506', 'kamill@kamill', 'Quadra 115 Conjunto 02 Casa 09	', NULL, 187, 35, 'd41d8cd98f00b204e9800998ecf8427e'),
(221, 'Mateus Martins Neves', '1996-10-29', 'm', 1, 0, '(61) 9111-8193', 'ma@mam', 'Quadra 307 Conjunto 19 Casa 02', NULL, 74, 12, 'd41d8cd98f00b204e9800998ecf8427e'),
(222, 'Cleiton Da Paixão', '1994-01-31', 'm', 1, 0, '(61) 9537-1575', 'cleito@clietoo', 'Quadra 307 Conjunto 19 Casa 17	', NULL, 74, 12, 'd41d8cd98f00b204e9800998ecf8427e'),
(223, 'Walesson Ramos', '1993-04-10', 'm', 1, 0, '(61) 3332-3125', 'welll@well22', 'Quadra 307 Conjunto 19 Casa 01', NULL, 74, 12, 'd41d8cd98f00b204e9800998ecf8427e'),
(224, 'Aline S. Teixeira', '1984-09-25', 'f', 1, 0, '(61) 3434-3384', 'alin22@a33e', 'Quadra 101 Conjunto 05 Casa 10	', NULL, 109, 34, 'd41d8cd98f00b204e9800998ecf8427e'),
(225, 'Rosineide Maria De Lima', '1974-01-01', 'f', 2, 0, '(61) 3333-2448', 'rosinn@rossii', 'Quadra 101 Conjunto 9a Casa 18	', NULL, 132, 19, 'd41d8cd98f00b204e9800998ecf8427e'),
(226, 'Andreia T. De Brito', '1992-05-10', 'f', 1, 0, '(61) 9334-7161', 'ands33ds@adfadsf', 'Quadra 401 Conjunto 05 Casa 13', NULL, 109, 34, 'd41d8cd98f00b204e9800998ecf8427e'),
(227, 'Ana Clésia Carvalho Da S. Sobrinho', '1990-11-24', 'f', 1, 0, '(61) 8184-1713', 'anananana@nanadd2', 'Quadra 201 conjunto 02 casa 06', NULL, 132, 19, 'd41d8cd98f00b204e9800998ecf8427e'),
(228, 'Tatiane Lucia P. Campelo', '1977-07-25', 'f', 1, 0, '(61) 8551-2437', 'tatitay22t@ta', 'Quadra 101 Conjunto 05 Casa 03', NULL, 132, 19, 'd41d8cd98f00b204e9800998ecf8427e'),
(229, 'Socorro Carvalho Costa', '1972-05-25', 'f', 1, 0, '(61) 9282-2693', 'socorro@socrooos', 'Quadra 111 Conjunto 06 Casa 18', NULL, 132, 19, 'd41d8cd98f00b204e9800998ecf8427e'),
(230, 'Clarice Amparo De Melo Coelho', '1982-02-01', 'f', 1, 0, '(61) 8286-4971', 'cla@clari', 'Quadra 304 Conjunto 07 Casa 17', NULL, 132, 19, 'd41d8cd98f00b204e9800998ecf8427e'),
(232, 'Caio Monteiro', '2012-06-01', 'm', 1, 0, '(61) 9351-7319', 'caiou@caius', 'Quadra 203 Conjunto 15 Casa 08', NULL, 125, 13, 'd41d8cd98f00b204e9800998ecf8427e'),
(233, 'Rodolfo Yuri De Freitas Alves', '1998-06-26', 'm', 1, 0, '(61) 3332-2325', 'rodolfo@rodolfo', 'Quadra 306 Conjunto 05 Casa 14	', NULL, 157, 16, 'd41d8cd98f00b204e9800998ecf8427e'),
(234, 'Marcel Pereira Torres', '1994-06-03', 'm', 1, 0, '(61) 3332-3238', 'marcel@mga12.prr', 'Quadra 113 Conjunto 06 Casa 08 ', NULL, 157, 16, 'd41d8cd98f00b204e9800998ecf8427e'),
(235, 'Richard Levy', '1999-02-18', 'm', 1, 0, '(61) 9160-3750', 'ruchard@richard1', 'Quadra 405 Conjunto 09 Casa 04', NULL, 186, 26, 'd41d8cd98f00b204e9800998ecf8427e'),
(236, 'Felipe Augusto Cardoso Dos Santos', '1994-03-09', 'm', 1, 0, '(61) 3332-3238', 'felipe@felipe', 'Quadra 307 Conjunto  15  Casa 13	', NULL, 157, 16, 'd41d8cd98f00b204e9800998ecf8427e'),
(237, 'Mayk George Estrela', '1997-07-06', 'm', 1, 0, '(61) 3332-2341', 'fdsa@fadfcccc', 'Quadra 306 Conjunto 02 Casa 05', NULL, 157, 16, 'd41d8cd98f00b204e9800998ecf8427e'),
(240, 'Tatiane Dourado Da Costa', '1983-12-15', 'f', 1, 0, '(61) 3332-1550', 'tatianedourado2009@hotmail.com', 'Quadra 306 Conjunto 09 Casa 07', NULL, 77, 37, 'd41d8cd98f00b204e9800998ecf8427e'),
(241, 'Maria Do Rosário Silva', '1954-11-28', 'f', 1, 0, '(61) 8614-4637', 'anananasss@sss33', 'Quadra 32 Conjunto L casa 32  Setor P.Sul', NULL, 77, 37, 'd41d8cd98f00b204e9800998ecf8427e'),
(243, 'Wendel Torres De Brito', '2012-06-01', 'm', 1, 0, '(61) 9995-1299', 'wendekl@wendel', 'Quadra 509 Conjunto  07 Casa 27', NULL, 96, 17, 'd41d8cd98f00b204e9800998ecf8427e'),
(244, 'Thatiany Nascimento Rodrigues', '1997-04-07', 'f', 1, 0, '(61) 9237-1643', 'as22d@ddss', 'Quadra 306 Conjunto 2a Casa 08', NULL, 134, NULL, 'd41d8cd98f00b204e9800998ecf8427e'),
(245, 'Daniela Lima Dos Santos', '1993-08-12', 'f', 1, 0, '(61) 9329-6583', 'prio@prioss', 'Quadra 114 Conjunto 05 Casa 07', NULL, 134, NULL, 'd41d8cd98f00b204e9800998ecf8427e'),
(247, 'Edson Vander Soares Filho', '1995-04-26', 'm', 1, 0, '(61) 9347-2465', 'edseonn@esdondf', 'Quadra 307 Conjunto 10 Casa 02', NULL, 74, 12, 'd41d8cd98f00b204e9800998ecf8427e'),
(250, 'Fabiana Barbosa Da Silva', '1981-12-10', 'f', 1, 0, '(61) 8552-2775', 'fabianabarbosadasilva@hotmail.com', 'Quadra 309 Conjunto 01 Casa 12', NULL, 77, 37, 'd41d8cd98f00b204e9800998ecf8427e'),
(252, 'Brenda Gomes Santos ', '1995-08-28', 'f', 1, 0, '(61) 3332-2913', 'brendagomes1995@hotmail.com', 'Quadra 509 Conjunto 06 Casa 16 ', NULL, 146, 21, 'd41d8cd98f00b204e9800998ecf8427e'),
(253, 'Rodrigo Lima Ramos', '1982-07-10', 'm', 1, 0, '(61) 9160-4386', 'roro@roro', 'Quadra 307 Conjunto 8A Casa 08', NULL, 142, NULL, 'd41d8cd98f00b204e9800998ecf8427e'),
(254, 'Maiara Batista Matos', '1995-06-20', 'f', 1, 0, '(61) 8536-4630', 'miaiara@maiaiara', 'Quadra 307 Conjunto 18 Casa 23', NULL, 149, 27, 'd41d8cd98f00b204e9800998ecf8427e'),
(255, 'Manuel Cesar Araujo Aguiar', '1982-02-07', 'm', 1, 0, '(61) 8536-4630', 'mannn@mannn', 'Quadra 307 Conjunto 18 Casa 23', NULL, 142, NULL, 'd41d8cd98f00b204e9800998ecf8427e'),
(259, 'Raissa Tavares', '1994-09-10', 'f', 1, 0, '(61) 9255-3720', 'dsfsd@dd', 'Quadra 307 Conjunto 12 casa 12', NULL, 137, 22, 'd41d8cd98f00b204e9800998ecf8427e'),
(260, 'Valdiane Carlos da Silva', '1986-06-25', 'f', 1, 0, '', 'sdafasdfsd22@ss', 'Quadra 105 Conjunto 13 Casa 11', NULL, 132, 19, 'd41d8cd98f00b204e9800998ecf8427e'),
(262, 'Darlene Lopes', '1980-11-05', 'f', 5, 0, '(61) 3334-1261', 'sadsdfa@sssqw', 'Quadra 101 Conjunto 02 Casa 07', NULL, 132, 19, 'd41d8cd98f00b204e9800998ecf8427e'),
(263, 'Maria Lopes ', '1955-10-21', 'f', 2, 0, '(61) 3334-1261', 'asddd2@ss2', 'Quadra 101 Conjunto 02 Casa 07', NULL, 132, 19, 'd41d8cd98f00b204e9800998ecf8427e'),
(265, 'Matheus Douglas Prudêncio', '2000-06-25', 'm', 1, 0, '(61) 3333-5062', 'dddffg@kkkdd', 'Quadra 405 Conjunto 08 Casa 23', NULL, 125, 13, 'd41d8cd98f00b204e9800998ecf8427e'),
(266, 'Jarbas Gutemberg de Sousa', '1998-07-29', 'm', 1, 0, '(61) 3333-5171', 'dd11d@ssww', 'Quadra 405 Conjunto 09 Casa 15', NULL, 98, 13, 'd41d8cd98f00b204e9800998ecf8427e'),
(267, 'Wesley Xavier Lima', '1998-12-06', 'm', 1, 0, '(61) 9520-5564', 'dddss@der', 'Quadra 405 Conjunto 08 Casa 20', NULL, 98, 48, 'd41d8cd98f00b204e9800998ecf8427e'),
(268, 'Kelly de Oliveira Pereira', '1996-03-07', 'f', 1, 0, '(61) 3963-4759', 'ddsfjj@ert', 'Quadra 102 Conjunto 21 Casa 06', NULL, 146, 21, 'd41d8cd98f00b204e9800998ecf8427e'),
(269, 'Jackeline Martins Carvalho', '1994-02-28', 'f', 1, 0, '(61) 9394-0117', 'dfdfdfrrr@dfsdsf', 'Quadra 204 Conjunto 10 Casa 08', NULL, 146, 21, 'd41d8cd98f00b204e9800998ecf8427e'),
(270, 'Marlene Xavier Guimarães', '1968-02-03', 'f', 1, 1, '(61) 8436-1968', 'tiaoveleso12@gmail.com', 'Quadra 307  Conjunto 02 Casa 15', NULL, 149, 27, 'd41d8cd98f00b204e9800998ecf8427e'),
(277, 'Juci Maura Vasconselos Abreu', '1986-10-30', 'f', 2, 0, '(62) 8157-8178', 'MGA@MGA', 'Qd 508-04-12', NULL, 107, 43, 'd41d8cd98f00b204e9800998ecf8427e'),
(280, 'Gisele Gomes do Carmo', '1984-03-29', 'f', 1, 0, '(61) 8558-1336', 'dsfdsfl@fjjjf', 'QR 410 CJ 14 CS 27', NULL, 149, 27, 'd41d8cd98f00b204e9800998ecf8427e'),
(281, 'Gislaine Cavalcante da Silva', '1993-06-19', 'f', 2, 0, '(61) 8308-2301', 'asdfsad@ddddd', 'Quadra 302 Conjunto 09 Casa 11', NULL, 114, 11, 'd41d8cd98f00b204e9800998ecf8427e'),
(285, 'Frank Araujo da Silva', '1995-05-29', 'm', 1, 0, '(61) 9259-6459', 'ss2ss2s@dd', 'Quadra 301 Conjunto 05 Casa 09', NULL, 142, NULL, 'd41d8cd98f00b204e9800998ecf8427e'),
(287, 'Francisco Fredson (Naldo)', '1995-05-29', 'm', 1, 0, '(61) 9259-6459', 'fff@sdssaa', 'Quadra 301 Conjunto 05 Casa 09', NULL, 101, 29, 'd41d8cd98f00b204e9800998ecf8427e'),
(288, 'John Cleber Barbosa', '2004-11-17', 'm', 1, 0, '(61) 9374-2501', 'john@mga', 'Quadra 101 Conjunto 6 casa 01', NULL, 41, 5, 'd41d8cd98f00b204e9800998ecf8427e'),
(289, 'Anderson Santana Alves Barboza', '1989-04-26', 'm', 1, 0, '(61) 8541-9244', 'andersonn1989@gmail.com', 'Quadra 306 Conjunto 2a Casa 18', NULL, 42, 15, 'd41d8cd98f00b204e9800998ecf8427e'),
(290, 'Victor Guilherme da Silva Pereira', '2004-10-10', 'm', 1, 0, '(61) 9374-2501', 'vv@nn.com', 'Quadra 103 Conjunto 6A Casa 17', NULL, 41, 5, 'd41d8cd98f00b204e9800998ecf8427e'),
(291, 'Alex Júnior da Silva Sousa', '1989-10-10', 'm', 1, 0, '(61) 3333-3645', 'aa@aaaaa', 'Qd 205-19-23', NULL, 96, 17, 'd41d8cd98f00b204e9800998ecf8427e'),
(292, 'Alisson Ferreira da Silva', '1987-11-01', 'm', 1, 0, '(61) 9312-7647', 'alis@alisss', 'Quadra 306 Conjunto 10 Casa 13', NULL, 289, 44, 'd41d8cd98f00b204e9800998ecf8427e'),
(293, 'Ana Cristina da Silva', '1992-05-04', 'f', 1, 0, '(61) 9263-0716', 'anana@anana', 'Quadra 803 Conjunto 06 Casa 35', NULL, 68, 8, 'd41d8cd98f00b204e9800998ecf8427e'),
(294, 'Ana Paula Melo Rocha', '1982-11-23', 'm', 1, 0, '(61) 8445-0642', 'anp@anps', 'Qd 306-02-14', NULL, 149, 27, 'd41d8cd98f00b204e9800998ecf8427e'),
(295, 'Ana Sabrina de Abreu Lima', '1997-10-06', 'f', 1, 0, '(61) 9150-9140', 'annnsss@sss', 'Quadra 202 Conjunto 11 Casa 22', NULL, 68, 8, 'd41d8cd98f00b204e9800998ecf8427e'),
(296, 'Anastácio Benjamim Costa de França', '1993-04-30', 'm', 1, 0, '(61) 9269-5105', 'anss@anssat', 'Quadra 803 Conjunto 6 Casa 35', NULL, 289, 44, 'd41d8cd98f00b204e9800998ecf8427e'),
(297, 'Anisia Perreira Ramos', '1976-12-30', 'm', 1, 0, '(61) 9191-9052', 'anisisa@anisis', 'Qd 113-10-08', NULL, 149, 27, 'd41d8cd98f00b204e9800998ecf8427e'),
(298, 'Antonio Edvaldo Soares', '1969-11-03', 'm', 1, 0, '', 'antonio@antonnns', 'Qd.510-05-06', NULL, 168, 30, 'd41d8cd98f00b204e9800998ecf8427e'),
(299, 'Aparecida Rodriques Cardoso', '1982-09-06', 'f', 1, 0, '(61) 9220-3811', 'apa@aa1', 'Qdr114-24-09 ', NULL, 187, 45, 'd41d8cd98f00b204e9800998ecf8427e'),
(300, 'Brenda Carla de Souza', '1993-10-04', 'f', 1, 0, '(61) 9375-0253', 'brennn@brennnd', '118.03.17 - Sam. Sul', NULL, 112, 24, 'd41d8cd98f00b204e9800998ecf8427e'),
(302, 'Clayrton Souza Santos', '1974-08-14', 'm', 1, 0, '(61) 3332-2913', 'clay@clayyys', 'Qd. 509-06-16', NULL, 168, 30, 'd41d8cd98f00b204e9800998ecf8427e'),
(303, 'Darlene Lopes Ferreira', '1980-11-05', 'm', 1, 0, '(61) 3334-1261', 'darrr@darrrs', 'Qd 101-02-07', NULL, 102, 19, 'd41d8cd98f00b204e9800998ecf8427e'),
(304, 'Deyse Silva Marques', '1993-10-02', 'f', 1, 0, '(61) 9319-3968', 'deyse@deyssa', 'Quadra 405 Conjunto 04 Casa 20', NULL, 68, 8, 'd41d8cd98f00b204e9800998ecf8427e'),
(305, 'Ednamar Vitorino da Silva', '1968-08-31', 'f', 1, 0, '(61) 8557-8609', 'ednar@ednar', '601.8.6', NULL, 68, 8, 'd41d8cd98f00b204e9800998ecf8427e'),
(306, 'Gabriela Pereira de Souza', '1996-08-06', 'm', 1, 0, '(61) 9389-8372', 'gabr@gabrrr1', 'Q 310 - 02 - 03', NULL, 137, 22, 'd41d8cd98f00b204e9800998ecf8427e'),
(307, 'Genivaldo Alves Pereira', '1963-08-31', 'm', 1, 0, '(61) 9309-7190', 'geni@genisvv', 'Q110-01-08 - Sam. Sul', NULL, 96, 17, 'd41d8cd98f00b204e9800998ecf8427e'),
(309, 'Jeane Maria de Souza', '1986-06-14', 'm', 1, 0, '(61) 8240-3836', 'jeane@jeanee', 'Qd 403-01-07', NULL, 55, 20, 'd41d8cd98f00b204e9800998ecf8427e'),
(310, 'Josiane Mendes da Silva', '1999-12-02', 'f', 1, 0, '(61) 3358-8324', 'josyy@jossyy', 'Quadra 110 Conjunto 01 CAsa 08 - Samambaia Su', NULL, 112, 24, 'd41d8cd98f00b204e9800998ecf8427e'),
(311, 'Juscelino da Silva Carvalho', '1991-01-22', 'm', 1, 0, '(61) 8317-6802', 'jus@jussss', 'Qd 308-17-02', NULL, 96, 17, 'd41d8cd98f00b204e9800998ecf8427e'),
(312, 'Karoline Costa França', '1991-05-05', 'f', 1, 0, '(61) 9295-5527', 'karol@karolosq', 'Quadra 803 Conjunto 06 Casa 35', NULL, 68, 8, 'd41d8cd98f00b204e9800998ecf8427e'),
(313, 'Larissa Gabriele Costa dos Santos', '1999-03-09', 'f', 1, 0, '(61) 3376-4697', 'la@lasssa', 'QNP 32 L, Casa 20 P Sul', NULL, 112, 24, 'd41d8cd98f00b204e9800998ecf8427e'),
(314, 'Letícia Ramos Ferreira', '1994-06-26', 'f', 1, 0, '(61) 9510-1286', 'letii@letiissdd', '308-17-21', NULL, 112, 24, 'd41d8cd98f00b204e9800998ecf8427e'),
(315, 'Luan Webert Ferreira Santos', '1998-09-11', 'm', 1, 0, '(61) 8494-9027', 'lusann@ddds', 'Qd103-02-12', NULL, 125, 13, 'd41d8cd98f00b204e9800998ecf8427e'),
(318, 'Marcelo de Jesus', '1984-02-01', 'm', 1, 0, '(61) 9220-4185', 'massrr@marsssa', 'Qd 302-02-04', NULL, 193, 15, 'd41d8cd98f00b204e9800998ecf8427e'),
(319, 'Mateus Ferreira Gomes', '1983-08-05', 'm', 1, 0, '(61) 8480-3109', 'matss@matsse', 'Qd 101-06-07', NULL, 186, 26, 'd41d8cd98f00b204e9800998ecf8427e'),
(320, 'Mateus Martins Neves', '1996-10-21', 'm', 1, 0, '(61) 3332-5712', 'mmms@mmsa', 'Qd 307-19-02', NULL, 74, 12, 'd41d8cd98f00b204e9800998ecf8427e'),
(321, 'Natanael Cavalcanti Silva', '1994-12-24', 'm', 1, 0, '', 'natann@nataajs', '303.08.03', NULL, 104, 49, 'd41d8cd98f00b204e9800998ecf8427e'),
(322, 'Pamela dos Reis Almeida', '1993-01-17', 'f', 1, 0, '(61) 8563-3996', 'pam@pamms', 'Quadra 202 Conjunto 03 casa 03', NULL, 77, 37, 'd41d8cd98f00b204e9800998ecf8427e'),
(323, 'Renato Araujo dos Santos', '1989-10-10', 'm', 1, 1, '(61) 8575-8937', 'ren@ren123', 'Quadra 306 Conjunto 9 Casa 7', NULL, 289, 44, 'd41d8cd98f00b204e9800998ecf8427e'),
(324, 'Maria Rita de Souza Rodrigues', '1952-02-01', 'm', 1, 0, '', 'riit@tiirr', 'Quadra 508Conjunto02Casa13', NULL, 149, 27, 'd41d8cd98f00b204e9800998ecf8427e'),
(325, 'Rosângela Ferreira de Souza Alves', '1975-02-14', 'f', 1, 0, '(61) 3376-0621', 'ro@rooossaa', 'Qnp 32-L Cs 31 S. P. Sul', NULL, 77, 37, 'd41d8cd98f00b204e9800998ecf8427e'),
(326, 'Samara Ághata Oliveira de Jesus', '1997-08-05', 'f', 1, 0, '', 'qqqq@ggggg', 'Quadra 601 Conjunto 15 Casa 24', NULL, 68, 8, 'd41d8cd98f00b204e9800998ecf8427e'),
(327, 'Sandra Maria da Silva', '1988-02-28', 'f', 2, 0, '(61) 9220-4185', 'snn@snna', 'Qd 302-02-04', NULL, 176, 50, 'd41d8cd98f00b204e9800998ecf8427e'),
(328, 'Silvania Sena Santos', '1973-06-02', 'f', 1, 0, '(61) 8474-3661', 'skva@silvana', 'Qduadra307Conjunto8aCasa08', NULL, 149, 27, 'd41d8cd98f00b204e9800998ecf8427e'),
(330, 'Tiago Rabelo de Araujo', '1997-04-09', 'm', 1, 0, '(61) 8404-6585', 'tiiti@titi', 'Qd103-03-02', NULL, 125, 13, 'd41d8cd98f00b204e9800998ecf8427e'),
(331, 'Valdirene Queiroz dos Santos', '1982-06-04', 'f', 2, 0, '(61) 3331-4327', 'valss@vallls', 'Quadra 307 Conjunto 8A Casa 08', NULL, 149, 27, 'd41d8cd98f00b204e9800998ecf8427e'),
(332, 'Yasmin Nascimento da Silva', '1998-05-07', 'm', 1, 0, '(61) 9232-4920', 'ya@yaddds', 'Qd 302-11-02', NULL, 112, 24, 'd41d8cd98f00b204e9800998ecf8427e'),
(333, 'Douglas Weynner de Almeida Ferreira', '1997-10-10', 'm', 1, 0, '(61) 9125-2640', 'soud@douslg', 'Qd 206 Conj 06 Casa19', NULL, 87, 28, 'd41d8cd98f00b204e9800998ecf8427e'),
(334, 'Maria de Fátima Paulino Braz', '1981-11-07', 'f', 1, 0, '(61) 8481-3423', 'marrs@masriia', ' Qd 110-07-03', NULL, 80, 36, 'd41d8cd98f00b204e9800998ecf8427e'),
(335, 'Adoleide Dourado Soares', '1987-02-02', 'f', 1, 0, '(61) 9252-6648', 'alklle@lle', '307 - 19 - 16', NULL, 149, 27, 'd41d8cd98f00b204e9800998ecf8427e'),
(336, 'Fabiane de Sousa Moraes', '1975-09-20', 'f', 2, 0, '(61) 9314-0658', 'faby_preciosa@hotmail.com', 'Quadra 304 conjunto 04 casa 17 Recanto das Em', NULL, 77, 37, 'd41d8cd98f00b204e9800998ecf8427e'),
(337, 'Genesio Ferreira Soares', '1949-03-13', 'm', 2, 0, '(61) 8558-4618', 'gne@gene', 'Q.510-24-09', NULL, 156, 30, 'd41d8cd98f00b204e9800998ecf8427e'),
(338, 'Luciano de Assis do Carmo', '1977-11-03', 'm', 1, 0, '(61) 8272-8999', 'lull@luaa', 'QNL 20 VIA LN C 19', NULL, 74, 12, 'd41d8cd98f00b204e9800998ecf8427e'),
(339, 'Wanderson Ribeiro Freitas', '1984-06-19', 'm', 1, 0, '(61) 9397-3109', 'wannss@ssjj', 'qd.510-08-21', NULL, 168, 30, 'd41d8cd98f00b204e9800998ecf8427e'),
(341, 'Joyce Annie Paiva Silva', '1995-09-10', 'f', 1, 0, '(61) 3046-8878', 'ssss@hh', 'Cl 118 Bl F Ap. 301 Stª Maria', NULL, 68, 8, 'd41d8cd98f00b204e9800998ecf8427e'),
(342, 'Grazielle Tavares de Andrade', '1989-08-24', 'f', 1, 1, '(61) 8454-9611', 'gra@ddd', 'Quadra 301 Conjunto 12 Casa 13', NULL, 76, 14, 'd41d8cd98f00b204e9800998ecf8427e'),
(343, 'Lurdes Queroz do Santos', '1952-07-08', 'f', 1, 0, '(61) 9154-8984', 'luss@luss', 'Quadra 307 Conjunto 8A Casa 08', NULL, 149, 27, 'd41d8cd98f00b204e9800998ecf8427e'),
(344, 'Maricleide da Costa', '1982-06-15', 'f', 1, 0, '(61) 9245-8066', 'mariss@maisss', 'Qd. 307-19-15', NULL, 149, 27, 'd41d8cd98f00b204e9800998ecf8427e'),
(346, 'Leticia Salles Braga', '1997-04-03', 'f', 1, 0, '(61) 9397-3109', 'sss@kkkkss', 'Qd.510-08-21', NULL, 146, 21, 'd41d8cd98f00b204e9800998ecf8427e'),
(347, 'Vanusa Ventura', '1964-11-23', 'f', 5, 0, '(61) 8563-1374', 'as@jjjaaa', 'Qd. 114-06-11', NULL, 114, 51, 'd41d8cd98f00b204e9800998ecf8427e'),
(348, 'Simone Barbosa dos Santos', '1964-03-04', 'f', 1, 0, '', 'sss@kkja', 'QD. 804 19A  20', NULL, 42, 15, 'd41d8cd98f00b204e9800998ecf8427e'),
(349, 'Taynara Santos Veloso', '1998-10-26', 'm', 1, 0, '', 'asdfll@hhha', 'QD. 804 19A 20', NULL, 42, 15, 'd41d8cd98f00b204e9800998ecf8427e'),
(350, 'Nayara Santos Veloso', '1997-06-26', 'f', 1, 0, '', 'asdfk@dfddd', 'QD. 804 19A 20', NULL, 42, 15, 'd41d8cd98f00b204e9800998ecf8427e'),
(351, 'Mateus Prudencio', '2000-06-25', 'm', 1, 0, '', 'www@ddddd', 'Qd 405-08-23', NULL, 98, 48, 'd41d8cd98f00b204e9800998ecf8427e'),
(352, 'Pedro Victor', '1999-06-05', 'm', 1, 0, '', 'ssss@ssss', 'Qd 405-08-23', NULL, 98, 48, 'd41d8cd98f00b204e9800998ecf8427e'),
(353, 'Yara Nascimento da Silva', '1992-04-13', 'f', 1, 0, '(61) 9397-4430', 'hhhhsss@dddd', 'Qd 302-11-02', NULL, 112, 24, 'd41d8cd98f00b204e9800998ecf8427e'),
(354, 'Maria José Gomes', '1970-10-18', 'f', 1, 0, '(61) 3597-2323', 'mar@marrsss', 'Qe 40 rua 11 Lt 11 Apt 101', NULL, 80, 36, 'd41d8cd98f00b204e9800998ecf8427e'),
(355, 'Jose Cicero de Souza', '1944-11-04', 'm', 2, 0, '(61) 8429-9190', 'asd@ssssssss', 'Quadra 102 Conjunto 15 casa 20', NULL, 129, 18, 'd41d8cd98f00b204e9800998ecf8427e'),
(356, 'Marcos Sergio Santos da Silva', '1974-06-22', 'm', 1, 0, '(61) 3332-1601', 'sadf@asdfff', 'Qd 206-03-05', NULL, 131, 18, 'd41d8cd98f00b204e9800998ecf8427e'),
(357, 'Eliene Fortunata da Conceição', '1968-04-12', 'f', 1, 0, '(61) 8545-6258', 'elienenn@eliene', 'Qd.202-06-18', NULL, 68, 8, 'd41d8cd98f00b204e9800998ecf8427e'),
(358, 'Oliete Ferreira Santana Barboza', '1966-10-17', 'f', 2, 0, '(61) 3082-4466', 'asdf@ssssw', 'Quadra 306 Conjunto 2A Casa 18', NULL, 77, 37, 'd41d8cd98f00b204e9800998ecf8427e'),
(359, 'Danubia Aparecida de Lima', '1981-04-05', 'f', 1, 0, '(61) 9143-5476', 'asdfsdf@ddssee', 'Qd. 405 - 09 - 04', NULL, 132, 19, 'd41d8cd98f00b204e9800998ecf8427e'),
(360, 'Luiz Henrique Albuquerque da Rocha', '2001-05-31', 'm', 1, 0, '(61) 9133-3544', 'douginhalima@hotmail.com', ': Quadra 102 Conj 17 Casa 01', NULL, 147, 53, 'd41d8cd98f00b204e9800998ecf8427e'),
(361, 'Gabriel Albuquerque da Rocha', '2003-11-23', 'm', 1, 0, '(61) 8235-4336', 'galbu@gmail.com', ': Quadra 102 Conj 17 Casa 01', NULL, 147, 53, 'd41d8cd98f00b204e9800998ecf8427e'),
(362, 'Samuel Carvalho de Souza', '2005-12-29', 'm', 1, 0, '(61) 9215-4567', 'scarvalho@gmail.com', 'Quadra 102 Conj 15 Casa 20', NULL, 147, 53, 'd41d8cd98f00b204e9800998ecf8427e'),
(363, 'Caio Carvalho de Souza Rodrigues', '2004-04-01', 'm', 1, 0, '(61) 9215-4567', 'caiocarvalho@gmail.com', 'Quadra 102 Conj 15 Casa 20', NULL, 147, 53, 'd41d8cd98f00b204e9800998ecf8427e'),
(364, 'Vinicius Gabriel Carvalho de Souza So', '2005-09-17', 'm', 1, 0, '(61) 8184-1713', 'vinig@gmail.com', 'Quadra 102 Conj 16 Casa 02', NULL, 147, 53, 'd41d8cd98f00b204e9800998ecf8427e'),
(365, 'Maicon Francisco Carvalho ', '2002-07-24', 'm', 1, 0, '(61) 8184-1713', 'Maicon@gmail.com', 'Quadra 102 Conj 16 Casa 02', NULL, 147, 53, 'd41d8cd98f00b204e9800998ecf8427e'),
(366, 'Gustavo Fernandez Pinheiro Gomes', '2003-10-08', 'm', 1, 1, '(61) 9200-1979', 'gu@gmail.com', 'Quadra 102 Conj 09 Casa 17', NULL, 147, 53, 'd41d8cd98f00b204e9800998ecf8427e'),
(367, 'Guilherme Henrique Santos Nunes', '2000-11-22', 'm', 1, 1, '(61) 8632-9570', 'Gui@gmail.com', 'Quadra 101 Conjunto 07 Casa 11', NULL, 147, 52, 'd41d8cd98f00b204e9800998ecf8427e'),
(368, 'Jeferson Gabriel Pinheiro Lacerda ', '2002-04-14', 'm', 1, 0, '(61) 3045-1390', 'jef@gmail.com', 'Quadra 101 Conjunto 07 Casa 11', NULL, 147, 52, 'd41d8cd98f00b204e9800998ecf8427e'),
(369, 'Erik Henrique Pinheiro Nunes', '2004-10-23', 'm', 1, 0, '(61) 8557-1159', 'erik@gmail.com', 'Quadra 101 Conjunto 07 Casa 11', NULL, 147, 52, 'd41d8cd98f00b204e9800998ecf8427e'),
(370, 'Jéssica Sousa Lima', '1997-07-24', 'f', 1, 0, '(61) 9198-9644', 'Jess@gmail.com', 'Quadra 405 Conjunto 08 Casa 20', NULL, 72, 54, 'd41d8cd98f00b204e9800998ecf8427e'),
(371, 'Carolini de Sousa Lima', '1999-12-01', 'f', 1, 0, '(61) 9198-9644', 'carol@gmail.com', 'Quadra 405 Conjunto 08 Casa 20', NULL, 72, 54, 'd41d8cd98f00b204e9800998ecf8427e'),
(372, 'Marta Maria Ribeiro da Costa', '2000-03-25', 'f', 1, 0, '(61) 9198-9644', 'mart@gmail.com', 'Quadra 405 Conjunto 08 Casa 20', NULL, 72, 54, 'd41d8cd98f00b204e9800998ecf8427e'),
(373, 'Carina da Silva do Nascimento', '2003-07-10', 'f', 1, 0, '(61) 9226-4518', 'cari@gmail.com', 'Quadra 204 Conj 06 Casa 02', NULL, 79, 55, 'd41d8cd98f00b204e9800998ecf8427e'),
(374, 'Joyce Martins Carvalho', '2001-05-23', 'f', 1, 0, '(61) 9527-7654', 'joyce@gmail.com', 'Quadra 204 Conj 10 Casa 08', NULL, 79, 55, 'd41d8cd98f00b204e9800998ecf8427e'),
(375, 'Maria Eduarda Alves Duarte', '2006-05-07', 'f', 1, 0, '(61) 3434-7884', 'mariaedu@gmail.com', 'Quadra 202 Conjunto 07 Casa 10', NULL, 79, 55, 'd41d8cd98f00b204e9800998ecf8427e'),
(376, 'Jennifer Gomes Samuel', '1998-08-21', 'f', 1, 0, '(61) 3434-8163', 'jenni@gmail.com', 'Quadra 202 Conj 11 Casa 21', NULL, 75, 57, 'd41d8cd98f00b204e9800998ecf8427e'),
(377, 'Bianca Benvenuto dos Santos', '1998-01-01', 'f', 1, 0, '(61) 3333-3964', 'bian@gmail.com', 'Quadra 201 Conj 06 Casa 22', NULL, 75, 57, 'd41d8cd98f00b204e9800998ecf8427e'),
(378, 'Daniel Vitorino dos Santos', '2004-04-20', 'm', 1, 0, '(61) 8456-1635', 'dani@gmail.com', 'Quadra 601 Conjunto 08 Casa 06', NULL, 58, 47, 'd41d8cd98f00b204e9800998ecf8427e'),
(379, 'Thaysla Vitória Vitorino dos Santos', '1999-10-22', 'f', 1, 0, '(61) 8456-1635', 'thaysla@gmail.com', 'Quadra 601 Conjunto 08 Casa 06', NULL, 58, 47, 'd41d8cd98f00b204e9800998ecf8427e'),
(380, 'Steffany Oliveira Cardoso', '2005-09-08', 'f', 1, 0, '(61) 9269-4989', 'ste@gmail.com', 'Quadra 601 Conjunto 15 Casa 21A', NULL, 58, 47, 'd41d8cd98f00b204e9800998ecf8427e'),
(381, 'Samantha Ketlen Oliveira de Jesus', '2003-04-05', 'f', 1, 0, '(61) 9269-4989', 'samant@gmail.com', 'Quadra 601 Conjunto 15 Casa 21A', NULL, 58, 47, 'd41d8cd98f00b204e9800998ecf8427e'),
(382, 'Kauan Wallace Oliveira', '2005-08-28', 'm', 1, 0, '(61) 9269-4989', 'kau@gmail.com', 'Quadra 601 Conjunto 15 Casa 21A', NULL, 58, 47, 'd41d8cd98f00b204e9800998ecf8427e'),
(384, 'Isabela Eichila Vitorino dos Santos', '2007-03-31', 'f', 1, 0, '(61) 8456-1635', 'isabela@gmail.com', 'Quadra 601 Conjunto 08 Casa 06', NULL, 58, 47, 'd41d8cd98f00b204e9800998ecf8427e'),
(385, 'Jully Almeida de Oliveira', '2007-04-11', 'f', 1, 0, '(61) 9269-4989', 'jj@gmail.com', 'Quadra 601 Conjunto 15 Casa 21A', NULL, 58, 47, 'd41d8cd98f00b204e9800998ecf8427e'),
(386, 'Deyse Paloma de Jesus', '2001-08-12', 'm', 1, 0, '(61) 9140-1571', 'dd@gmail.com', 'Quadra 601 Conj 12 Casa 08b', NULL, 58, 47, 'd41d8cd98f00b204e9800998ecf8427e'),
(387, 'Emily dos Santos Carvalho', '2002-09-25', 'f', 1, 0, '(61) 9223-0763', 'emily@gmail.com', 'Quadra 306 Conj 02 Casa 15', NULL, 57, 10, 'd41d8cd98f00b204e9800998ecf8427e'),
(388, 'Nathalia Gomes Rocha', '2001-08-28', 'f', 1, 0, '(61) 8638-5886', 'nst@gmail.com', 'Quadra 306 Conjunto 02 Casa 14', NULL, 57, 10, 'd41d8cd98f00b204e9800998ecf8427e');
INSERT INTO `Discipulo` (`id`, `nome`, `dataNascimento`, `sexo`, `estadoCivilId`, `ativo`, `telefone`, `email`, `endereco`, `nivel`, `lider`, `celula`, `senha`) VALUES
(389, 'Tatiane Pestana Miranda', '2000-09-09', 'f', 1, 0, '', 'tata@gmail.com', 'Quadra 305 Conjunto 07 b Casa 08', NULL, 57, 10, 'd41d8cd98f00b204e9800998ecf8427e'),
(390, 'Ana Beatriz Araújo dos Santos', '2005-01-03', 'f', 1, 0, '(61) 3332-1550', 'ana@gmail.com', 'Quadra 306 Conj 09 Casa 07', NULL, 57, 10, 'd41d8cd98f00b204e9800998ecf8427e'),
(391, 'Raica Yorrara dos Santos', '2007-04-08', 'f', 1, 0, '(61) 3334-3284', 'rr@gmail.com', 'Quadra 306 Conj 2c Casa 04', NULL, 57, 10, 'd41d8cd98f00b204e9800998ecf8427e'),
(392, 'Kathlen Yngrid Soares', '2003-08-27', 'f', 1, 0, '(61) 8538-1523', 'kk@gmail.com', 'Quadra 115 conj 1 casa 08', NULL, 191, 60, 'd41d8cd98f00b204e9800998ecf8427e'),
(393, 'Rafaella Yorrane Soares', '2005-04-01', 'f', 1, 0, '(61) 8538-1523', 'll@gmail.com', 'Quadra 115 conj 1 casa 08', NULL, 191, 60, 'd41d8cd98f00b204e9800998ecf8427e'),
(394, 'Emanuelle Cristina Paes', '2003-06-22', 'f', 1, 0, '(61) 9181-5599', 'ema@gmail.com', 'Quadra 308 Conj 03 Casa 20', NULL, 191, 60, 'd41d8cd98f00b204e9800998ecf8427e'),
(395, 'Nicolas Gregório Abreu', '2005-04-30', 'm', 1, 0, '(61) 8330-5875', 'nicolas@gmail.com', 'Quadra 508 Conj 04 Casa 02', NULL, 191, 60, 'd41d8cd98f00b204e9800998ecf8427e'),
(396, 'Alex Adriano A Barros', '2007-05-17', 'f', 1, 0, '(61) 8330-5875', 'ggg@gmail.com', 'Quadra 508 Conj 04 Casa 02', NULL, 191, 60, 'd41d8cd98f00b204e9800998ecf8427e'),
(397, 'Joelma Abreu Barros', '2009-05-28', 'f', 1, 0, '(61) 8330-5875', 'jjj@gmail.com', 'Quadra 508 Conj 04 Casa 02', NULL, 191, 60, 'd41d8cd98f00b204e9800998ecf8427e'),
(399, 'Alexsandra dos Santos Moura', '1999-12-06', 'f', 1, 0, '(61) 9994-3334', 'lolo@gmail.com', 'Quadra 306 Conjunto 02 Casa 14', NULL, 191, 61, 'd41d8cd98f00b204e9800998ecf8427e'),
(400, 'Alessandra dos Santos Moura', '1999-12-06', 'f', 1, 0, '(61) 9994-3334', 'ale@gmail.com', 'Quadra 306 conj 02 casa 14', NULL, 191, 61, 'd41d8cd98f00b204e9800998ecf8427e'),
(401, 'Luana Francisca dos Santos Moura', '2004-08-30', 'f', 1, 0, '(61) 9994-3334', 'luana@gmail.com', 'Quadra 306 Conjunto 02 Casa 14', NULL, 191, 61, 'd41d8cd98f00b204e9800998ecf8427e'),
(402, 'Everton dos Santos Moura', '2007-02-14', 'm', 1, 0, '(61) 9994-3334', 'everton@gmail.com', 'Quadra 306 Conjunto 02 Casa 14', NULL, 191, 61, 'd41d8cd98f00b204e9800998ecf8427e'),
(403, 'Miraisa dos Santos', '2000-12-29', 'f', 1, 0, '(61) 9994-3334', 'miraisa@gmail.com', 'Quadra 306 Conjunto 02 Casa 14', NULL, 191, 61, 'd41d8cd98f00b204e9800998ecf8427e'),
(404, 'Mellisa dos Santos Moura', '2003-01-12', 'f', 1, 0, '(61) 9133-3393', 'llll@gmail.com', 'Quadra 306 Conjunto 02 Casa 14', NULL, 191, 61, 'd41d8cd98f00b204e9800998ecf8427e'),
(405, 'Jennifer Lunara Araujo Costa', '2005-04-11', 'f', 1, 0, '', 'jji@gmail.com', 'Quadra 306 Con09 Casa07 ', NULL, 191, 61, 'd41d8cd98f00b204e9800998ecf8427e'),
(406, 'Ioná Nascimento Silva', '2003-06-09', 'f', 1, 0, '(61) 8481-3472', 'ioná@gmail.com', 'Quadra 302 Conjunto 11Casa 02', NULL, 54, 62, 'd41d8cd98f00b204e9800998ecf8427e'),
(407, 'Inara Nascimento Silva', '2000-03-16', 'f', 1, 0, '(61) 8481-3472', 'inara@gmail.com', 'Quadra 302 Conjunto 11Casa 02', NULL, 54, 62, 'd41d8cd98f00b204e9800998ecf8427e'),
(408, 'Igor Nascimento Silva', '2001-06-25', 'm', 1, 0, '(61) 8481-3472', 'igor@gmail.com', 'Quadra 302 Conjunto 11Casa 02', NULL, 54, 62, 'd41d8cd98f00b204e9800998ecf8427e'),
(409, 'Stephanie Karollyne Pinheiro Lacerda', '2001-01-04', 'f', 1, 0, '(61) 3045-1390', 'ester@gmail.com', 'Quadra 101 Conjunto 07 Casa 11', NULL, 150, 64, 'd41d8cd98f00b204e9800998ecf8427e'),
(410, 'Andressa Barbosa dos Santos', '2000-05-18', 'f', 1, 0, '(61) 8358-0032', 'dessa@gmail.com', 'Quadra 102 Conjunto 14 Casa 02', NULL, 150, 64, 'd41d8cd98f00b204e9800998ecf8427e'),
(411, 'Mislene Stroid Lopes Ferreira', '2001-03-25', 'f', 1, 0, '(61) 8480-2404', 'mis@gmail.com', 'Quadra 101 Conjunto 02 Casa 07', NULL, 150, 64, 'd41d8cd98f00b204e9800998ecf8427e'),
(412, 'Deborah Emily Meneses de Lima', '1999-03-10', 'f', 1, 0, '(61) 8637-4619', 'deb@gmail.com', 'Quadra 101 Conjunto 9A Casa 18', NULL, 150, 64, 'd41d8cd98f00b204e9800998ecf8427e'),
(413, 'Ana Luiza de Lima Silva', '2001-04-08', 'f', 1, 0, '(61) 8637-4619', 'beta@gmail.com', 'Quadra 101 Conjunto 9A Casa 18', NULL, 150, 64, 'd41d8cd98f00b204e9800998ecf8427e'),
(414, 'Amanda Santiago Campelo', '2005-12-27', 'f', 1, 0, '(61) 9154-9711', 'amand@gmail.com', 'Quadra 101 Conjunto 05 Casa 03', NULL, 150, 63, 'd41d8cd98f00b204e9800998ecf8427e'),
(415, 'Roberta Luiza de Lima', '2004-04-03', 'f', 1, 0, '(61) 8637-4619', 'nhy@gmail.com', 'Quadra 101 Conjunto 9A Casa 18', NULL, 150, 63, 'd41d8cd98f00b204e9800998ecf8427e'),
(416, 'Leticia Batista dos Santos', '2004-03-17', 'f', 1, 0, '(85) 8541-2392', 'let@gmail.com', 'Quadra 103 Conjunto 01 Casa 12', NULL, 150, 63, 'd41d8cd98f00b204e9800998ecf8427e'),
(418, 'Shayla Júlia dos Santos', '2007-04-23', 'f', 1, 0, '(61) 3434-7253', 'shay@gmail.com', 'Quadra 204 Conjunto 14 Casa 07', NULL, 150, 63, 'd41d8cd98f00b204e9800998ecf8427e'),
(419, 'Eduarda Lima dos Santos', '2004-10-04', 'f', 1, 0, '(61) 9200-1047', 'duda@gmail.com', 'Quadra 101 Conjunto 06 Casa 06', NULL, 150, 63, 'd41d8cd98f00b204e9800998ecf8427e'),
(420, 'Yasmim Cristina Pinheiro Oliveira', '2010-06-07', 'f', 1, 0, '(61) 8599-1248', 'mimi@gmail.com', 'Quadra 101 Conjunto 06 Casa 07', NULL, 150, 63, 'd41d8cd98f00b204e9800998ecf8427e'),
(421, 'Magno Ferreira Gomes Godoe', '2001-04-30', 'm', 1, 0, '(61) 8850-3257', 'magno@gmail.com', 'Quadra 101 Conjunto 06 Casa 08', NULL, 179, 65, 'd41d8cd98f00b204e9800998ecf8427e'),
(423, 'Danielly Rebeca Vitorino dos Santos', '1993-06-11', 'f', 1, 0, '(61) 9395-1721', 'd@gmail.com', 'Quadra 601 Conjunto 08 Casa 06', NULL, 68, 8, 'd41d8cd98f00b204e9800998ecf8427e'),
(424, 'Cristhyan Souza da Silva', '2004-09-05', 'm', 1, 0, '(61) 8555-2775', 'cris@gmail.com', 'Quadra 309 Conjunto 01 Casa 12', NULL, 54, 62, 'd41d8cd98f00b204e9800998ecf8427e'),
(425, 'Marilia Rafaela Ramos Soares ', '1984-03-12', 'f', 2, 0, '(61) 8616-6516', 'sda@fsfs', '304-08-19 Recanto ', NULL, 112, 24, 'd41d8cd98f00b204e9800998ecf8427e'),
(426, 'Letícia Ramos Ferreira ', '1994-06-26', 'f', 2, 0, '(61) 9510-1286', 'sdfdfa@fsfs', '208-17-21 Recanto ', NULL, 112, 24, 'd41d8cd98f00b204e9800998ecf8427e'),
(428, 'Eduardo Alves Pereira ', '1980-07-16', 'm', 1, 0, '(61) 9308-1196', 'sds@hjgj', '110-02-03 Samambaia ', NULL, 96, 17, 'd41d8cd98f00b204e9800998ecf8427e'),
(429, 'Genivaldo Alves Pereira ', '1963-08-31', 'm', 1, 0, '(61) 9309-7190', 'fdfs@ghsds', '110-01-08 Samambaia ', NULL, 96, 17, 'd41d8cd98f00b204e9800998ecf8427e'),
(430, 'Ricardo Junior Pereira de Paula', '1989-12-15', 'm', 1, 0, '(61) 8512-0195', 'sadfsadf@dddddsss', 'Quadra 38 conjunto L casa 14 M.norte', NULL, 289, 44, 'd41d8cd98f00b204e9800998ecf8427e'),
(431, 'Hugo Sales de Brito', '1995-06-30', 'm', 1, 0, '(61) 9527-9903', 'aaasssll@aawwqqq', 'Quadra 510 conjunto 8 casa 21', NULL, 289, 44, 'd41d8cd98f00b204e9800998ecf8427e'),
(432, 'Gilvan Vitor dos Santos Junior ', '1989-01-13', 'm', 1, 0, '(61) 9209-4171', 'asdsadas@sskkffh', 'QNM 08 conjunto F casa 43 Ceilândia Norte', NULL, 289, 44, 'd41d8cd98f00b204e9800998ecf8427e'),
(434, 'Jonatan Vieira dos Santos', '1995-01-02', 'm', 1, 0, '(61) 9510-9459', 'dfds@ooosur', 'Quadra 602 conjunto 9 casa 7', NULL, 289, 44, 'd41d8cd98f00b204e9800998ecf8427e'),
(435, 'Guilherme Wanderson de Jesus', '1998-09-06', 'm', 1, 0, '(61) 3334-3668', 'sfdsfsd@sooe', 'Quadra 202 Conjunto 21 Casa 26', NULL, 125, 13, 'd41d8cd98f00b204e9800998ecf8427e'),
(436, 'Woshington dos Santos Moraes', '1992-07-07', 'm', 1, 0, '(61) 3434-5754', 'dffdf@ssiieeee', 'Quadra 102 Conjunto 21 Casa 18 ', NULL, 125, 13, 'd41d8cd98f00b204e9800998ecf8427e'),
(437, 'Maicom Henrique R. do Nascimento', '1997-07-11', 'm', 1, 0, '', 'asasa@aqqw', 'Quadra 204 Conjunto 06 casa 02', NULL, 125, 13, 'd41d8cd98f00b204e9800998ecf8427e'),
(439, 'Leonardo Samuel Alves Viana', '1991-11-15', 'm', 1, 0, '', 'adadsasda@wwiiiy', 'Quada 105 conjunto 05 casa 05', NULL, 96, 68, 'd41d8cd98f00b204e9800998ecf8427e'),
(440, 'Mauro Augusto Fernandes', '1992-02-18', 'm', 1, 0, '', 'ssjjuii@eeoookkj', 'Quadra 304 conjunto 06 casa 14', NULL, 74, 12, 'd41d8cd98f00b204e9800998ecf8427e'),
(441, 'Wanderson Lane de Souza', '1972-02-10', 'm', 1, 0, '(61) 8580-4749', 'asdfmmn@mnnh', 'Quadra 115 conjunto 09 casa 19', NULL, 142, 15, 'd41d8cd98f00b204e9800998ecf8427e'),
(442, 'Patrícia Dias de Souza Lisboa', '1978-05-18', 'f', 1, 0, '(61) 8491-6516', 'ssss@iiiuyt', 'Quadra 304 conjunto 12 casa 10', NULL, 80, 36, 'd41d8cd98f00b204e9800998ecf8427e'),
(443, 'Dorilma Dias Souza', '1962-02-08', 'f', 1, 0, '(61) 8436-4025', 'dfdf@rrrii', 'Quadra 304 conjunto 12 casa 10', NULL, 80, 36, 'd41d8cd98f00b204e9800998ecf8427e'),
(444, 'Saritta Paula Carneiro', '1978-12-18', 'f', 1, 0, '(61) 8624-0377', 'dssds@ddiiu', 'Quadra 605 Conjunto 01 casa 05', NULL, 77, 37, 'd41d8cd98f00b204e9800998ecf8427e'),
(445, 'Silvia Helena Fernandes de Souza', '1967-05-13', 'f', 1, 0, '(61) 3331-5825', 'dddmkj@kiolu', 'Quadra 306 Conjunto 03 Casa 10', NULL, 77, 37, 'd41d8cd98f00b204e9800998ecf8427e'),
(446, 'Stephanie Alves Cardoso', '2000-04-29', 'f', 1, 0, '(61) 3376-0621', 'sasal@ssiiu', 'QNP 23 conjunto L casa 31', NULL, 77, 37, 'd41d8cd98f00b204e9800998ecf8427e'),
(448, 'Rejane Maria DE Souza', '1999-07-14', 'f', 1, 0, '', 'dsdsdsdsd@ffloi', 'Quadra 115 conjunto 09 casa 19', NULL, 149, 27, 'd41d8cd98f00b204e9800998ecf8427e'),
(449, 'Prycilla Matias', '1987-01-08', 'f', 1, 0, '(61) 8642-7882', 'dsfdsf@oiuu', 'Quadra 109 conjunto 11 casa 12', NULL, 76, 14, 'd41d8cd98f00b204e9800998ecf8427e'),
(450, 'Amanda Santana', '1989-04-26', 'f', 1, 0, '(61) 8595-6382', 'dsssssds@ffoo', 'Quadra 306 conjunto 2A Lt. 11 Casa 02', NULL, 76, 14, 'd41d8cd98f00b204e9800998ecf8427e'),
(451, 'Pamela Fernanda Rodriques dos Santos', '1990-03-27', 'f', 1, 0, '(61) 8513-5579', 'sdfdddg@ffookk', 'Quadra 38 conjunto I casa 14 M.norte', NULL, 342, 14, 'd41d8cd98f00b204e9800998ecf8427e'),
(452, 'Jeane Barreto da Silva', '1989-07-04', 'm', 1, 0, '(61) 3082-0491', 'aaaaas@dddssa', 'Quadra 113 Conjunto 15 Casa 11', NULL, 202, 15, 'd41d8cd98f00b204e9800998ecf8427e'),
(453, 'Stephanie Rose da Paixão', '1990-08-22', 'f', 1, 0, '(61) 3331-3418', 'daf@ddpo', '307-19-07 Recanto', NULL, 112, 24, 'd41d8cd98f00b204e9800998ecf8427e'),
(454, 'Rayra Silva de Abreu', '1997-12-18', 'f', 1, 0, '(61) 8483-8901', 'sdfddddk@ssooi', ' Quadra 202 Conjunto 11 Casa 22', NULL, 68, 8, 'd41d8cd98f00b204e9800998ecf8427e'),
(455, 'Nathalia Siqueira de Macedo', '1994-11-21', 'f', 1, 0, '(61) 9510-1184', 'dffdf@ddos', 'Quadra 602 conjunto 08 casa 04', NULL, 342, 14, 'd41d8cd98f00b204e9800998ecf8427e'),
(456, 'Ivone Rodrigues de Oliveira', '1995-11-18', 'f', 1, 0, '(61) 9510-9459', 'sdfsdf@ffsssss', 'Quadra 602 conjunto 08 casa 04', NULL, 342, 14, 'd41d8cd98f00b204e9800998ecf8427e'),
(457, 'Hênoi Adjane F. Silva', '1987-08-23', 'f', 1, 0, '(61) 9278-5025', 'dddsss@sskks', 'Quadra 405 Conjunto 10 Casa 04', NULL, 132, 19, 'd41d8cd98f00b204e9800998ecf8427e'),
(458, 'Cecília Carvalho dos Santos', '1976-03-20', 'f', 1, 0, '(61) 8192-1419', 'dfsdfllokj@sjj', 'Q.510 conjunto05 casa 06', NULL, 107, 43, 'd41d8cd98f00b204e9800998ecf8427e'),
(459, 'Lindalva Nunes Arruda', '1950-07-29', 'f', 1, 0, '(61) 3334-3470', 'saaas@goois', 'Quadra 104 conjunto 05 casa 27 ', NULL, 202, 14, 'd41d8cd98f00b204e9800998ecf8427e'),
(460, 'Jessica Alves da Siva', '1996-10-19', 'f', 1, 0, '(61) 9127-8494', 'dsfds@lldofhr', 'Quadra 307 conjunto 03 casa 20 19/10/1996', NULL, 137, 22, 'd41d8cd98f00b204e9800998ecf8427e'),
(461, 'Lúcia Maria Rodrigues Reis', '1963-06-05', 'm', 1, 0, '(61) 3628-8414', 'dsfsdfsdfs@oopdki', '110-01-08 Samambaia', NULL, 112, 24, 'd41d8cd98f00b204e9800998ecf8427e'),
(462, 'Ariane da Mata Dias', '1993-07-05', 'f', 1, 0, '(61) 9510-1184', 'asdfasdfsa@kksop', 'Quadra 601 Conjunto 12 casa 8b', NULL, 342, 14, 'd41d8cd98f00b204e9800998ecf8427e'),
(463, 'Edson Lopes Rodrigues Junior', '1977-10-30', 'f', 1, 0, '(61) 3302-1408', 'dsfsdf@ssalloi', 'NRCO Rua 06 Chacara 107', NULL, 131, 18, 'd41d8cd98f00b204e9800998ecf8427e'),
(465, 'Krícia Torres Alkimin', '1996-02-09', 'f', 1, 0, '', 'asdf.ll@kks', 'Qnl 21 conjunto E casa 14 - Taguatinga', NULL, 202, 14, 'd41d8cd98f00b204e9800998ecf8427e'),
(466, 'Lucas de Jesus Barbosa', '1998-02-22', 'm', 1, 0, '(61) 9851-6268', 'sadfasdfasd@hoodfiu', 'Quadra 200 Conjunto 04 lote 14 Apt 201', NULL, 87, 28, 'd41d8cd98f00b204e9800998ecf8427e'),
(467, 'Araci de Almeida Ferreira', '1971-03-14', 'f', 1, 0, '(61) 9125-2640', 'sdfdssll@jjsu', 'Quadra 206 Conjunto 06 casa 19', NULL, 196, 25, 'd41d8cd98f00b204e9800998ecf8427e'),
(468, 'Vinícius Souza LIma', '1988-10-15', 'm', 1, 0, '(61) 8139-5732', 'adsasdsa@gggooohh', 'Condomínio Mansões Entrelagos, Qd 1, CJ13, ', NULL, 74, 12, 'd41d8cd98f00b204e9800998ecf8427e'),
(469, 'Kimberly Nunes dos Santos', '1992-11-21', 'f', 1, 0, '', 'dwsrewr@gho', 'QN 14E, Conjunto 9, Casa 16', NULL, 137, 22, 'd41d8cd98f00b204e9800998ecf8427e'),
(470, 'Angelita Queiroz', '1982-05-19', 'f', 1, 0, '', 'dsfsfs@kkdid', 'Quadra307,conj04 casa 04', NULL, 149, 27, 'd41d8cd98f00b204e9800998ecf8427e'),
(471, 'Alessadro Filipe', '1998-04-11', 'm', 1, 0, '', 'sdfsdf@ooss', 'QUADRA 306CONJ 13.CASA 14', NULL, 142, 15, 'd41d8cd98f00b204e9800998ecf8427e'),
(472, 'Thais Marinho de Souza Rodrigues', '1978-06-01', 'f', 1, 0, '', 'sdfdsfsd@ggod', 'SHSN CHACARA 127 CONJUNTO B LOTE 15 SOL NASCE', NULL, 73, 32, 'd41d8cd98f00b204e9800998ecf8427e'),
(473, 'Joselita de Sousa Silva', '1961-07-05', 'f', 1, 0, '', 'sdfsdfsdf@ooodk', 'Quadra 306 conj 09 casa 11', NULL, 149, 27, 'd41d8cd98f00b204e9800998ecf8427e'),
(474, 'Antonia Monteiro', '1963-12-10', 'f', 2, 0, '', 'sdfsdf@kkdi', '201 05 01', NULL, 68, 8, 'd41d8cd98f00b204e9800998ecf8427e'),
(475, 'Claudio ', '2012-10-10', 'm', 1, 0, '', 'sadfdsf@ggg', '-', NULL, 76, 14, 'd41d8cd98f00b204e9800998ecf8427e');

-- --------------------------------------------------------

--
-- Table structure for table `DiscipuloTemEvento`
--

CREATE TABLE IF NOT EXISTS `DiscipuloTemEvento` (
  `discipuloId` int(11) NOT NULL,
  `eventoId` int(11) NOT NULL,
  PRIMARY KEY (`discipuloId`,`eventoId`),
  KEY `fk_Discipulo_has_Evento_Evento1` (`eventoId`)
) ENGINE=InnoDB DEFAULT CHARSET=utf8;

--
-- Dumping data for table `DiscipuloTemEvento`
--

INSERT INTO `DiscipuloTemEvento` (`discipuloId`, `eventoId`) VALUES
(41, 3),
(42, 3),
(43, 3),
(44, 3),
(45, 3),
(46, 3),
(48, 3),
(49, 3),
(50, 3),
(51, 3),
(52, 3),
(53, 3),
(54, 3),
(55, 3),
(56, 3),
(57, 3),
(58, 3),
(59, 3),
(60, 3),
(63, 3),
(65, 3),
(66, 3),
(67, 3),
(68, 3),
(71, 3),
(72, 3),
(73, 3),
(74, 3),
(75, 3),
(76, 3),
(77, 3),
(78, 3),
(79, 3),
(80, 3),
(82, 3),
(83, 3),
(85, 3),
(87, 3),
(88, 3),
(89, 3),
(90, 3),
(91, 3),
(92, 3),
(95, 3),
(96, 3),
(97, 3),
(98, 3),
(99, 3),
(100, 3),
(101, 3),
(102, 3),
(103, 3),
(104, 3),
(105, 3),
(106, 3),
(107, 3),
(108, 3),
(109, 3),
(112, 3),
(114, 3),
(115, 3),
(116, 3),
(117, 3),
(119, 3),
(120, 3),
(121, 3),
(122, 3),
(124, 3),
(125, 3),
(126, 3),
(127, 3),
(128, 3),
(129, 3),
(130, 3),
(131, 3),
(132, 3),
(133, 3),
(134, 3),
(135, 3),
(136, 3),
(137, 3),
(138, 3),
(139, 3),
(140, 3),
(141, 3),
(142, 3),
(143, 3),
(145, 3),
(146, 3),
(147, 3),
(148, 3),
(149, 3),
(150, 3),
(152, 3),
(154, 3),
(155, 3),
(156, 3),
(157, 3),
(158, 3),
(160, 3),
(161, 3),
(163, 3),
(166, 3),
(167, 3),
(168, 3),
(169, 3),
(170, 3),
(172, 3),
(173, 3),
(174, 3),
(175, 3),
(176, 3),
(178, 3),
(179, 3),
(180, 3),
(182, 3),
(183, 3),
(184, 3),
(185, 3),
(186, 3),
(187, 3),
(188, 3),
(189, 3),
(190, 3),
(191, 3),
(192, 3),
(193, 3),
(194, 3),
(196, 3),
(197, 3),
(198, 3),
(200, 3),
(201, 3),
(202, 3),
(204, 3),
(208, 3),
(211, 3),
(214, 3),
(217, 3),
(218, 3),
(219, 3),
(221, 3),
(223, 3),
(225, 3),
(235, 3),
(240, 3),
(241, 3),
(247, 3),
(250, 3),
(252, 3),
(253, 3),
(255, 3),
(259, 3),
(262, 3),
(267, 3),
(268, 3),
(269, 3),
(270, 3),
(277, 3),
(281, 3),
(285, 3),
(287, 3),
(288, 3),
(289, 3),
(291, 3),
(296, 3),
(298, 3),
(310, 3),
(312, 3),
(322, 3),
(323, 3),
(324, 3),
(325, 3),
(327, 3),
(328, 3),
(331, 3),
(335, 3),
(336, 3),
(339, 3),
(342, 3),
(343, 3),
(346, 3),
(347, 3),
(351, 3),
(352, 3),
(353, 3),
(358, 3),
(360, 3),
(364, 3),
(365, 3),
(367, 3),
(368, 3),
(369, 3),
(370, 3),
(371, 3),
(373, 3),
(374, 3),
(378, 3),
(379, 3),
(380, 3),
(381, 3),
(382, 3),
(387, 3),
(388, 3),
(392, 3),
(393, 3),
(394, 3),
(400, 3),
(401, 3),
(405, 3),
(406, 3),
(407, 3),
(408, 3),
(409, 3),
(411, 3),
(413, 3),
(415, 3),
(421, 3),
(423, 3),
(424, 3),
(425, 3),
(41, 4),
(42, 4),
(49, 4),
(54, 4),
(56, 4),
(58, 4),
(59, 4),
(60, 4),
(68, 4),
(72, 4),
(73, 4),
(74, 4),
(75, 4),
(76, 4),
(77, 4),
(78, 4),
(79, 4),
(80, 4),
(82, 4),
(83, 4),
(85, 4),
(87, 4),
(88, 4),
(89, 4),
(90, 4),
(91, 4),
(92, 4),
(95, 4),
(96, 4),
(97, 4),
(98, 4),
(99, 4),
(100, 4),
(101, 4),
(102, 4),
(103, 4),
(104, 4),
(105, 4),
(106, 4),
(107, 4),
(108, 4),
(109, 4),
(112, 4),
(114, 4),
(115, 4),
(116, 4),
(117, 4),
(119, 4),
(120, 4),
(121, 4),
(122, 4),
(124, 4),
(125, 4),
(126, 4),
(128, 4),
(129, 4),
(130, 4),
(131, 4),
(132, 4),
(133, 4),
(134, 4),
(135, 4),
(136, 4),
(137, 4),
(138, 4),
(139, 4),
(140, 4),
(141, 4),
(142, 4),
(143, 4),
(145, 4),
(146, 4),
(147, 4),
(148, 4),
(149, 4),
(150, 4),
(152, 4),
(154, 4),
(156, 4),
(157, 4),
(158, 4),
(160, 4),
(161, 4),
(163, 4),
(166, 4),
(167, 4),
(168, 4),
(169, 4),
(170, 4),
(172, 4),
(173, 4),
(174, 4),
(175, 4),
(176, 4),
(178, 4),
(179, 4),
(180, 4),
(182, 4),
(183, 4),
(184, 4),
(185, 4),
(186, 4),
(187, 4),
(188, 4),
(189, 4),
(190, 4),
(191, 4),
(192, 4),
(193, 4),
(194, 4),
(196, 4),
(197, 4),
(198, 4),
(200, 4),
(201, 4),
(202, 4),
(204, 4),
(211, 4),
(218, 4),
(219, 4),
(221, 4),
(240, 4),
(241, 4),
(250, 4),
(259, 4),
(267, 4),
(270, 4),
(277, 4),
(281, 4),
(285, 4),
(287, 4),
(289, 4),
(291, 4),
(296, 4),
(323, 4),
(336, 4),
(342, 4),
(351, 4),
(352, 4),
(353, 4),
(358, 4),
(425, 4),
(41, 5),
(42, 5),
(54, 5),
(58, 5),
(59, 5),
(65, 5),
(68, 5),
(72, 5),
(73, 5),
(74, 5),
(75, 5),
(76, 5),
(77, 5),
(79, 5),
(80, 5),
(82, 5),
(83, 5),
(85, 5),
(87, 5),
(91, 5),
(100, 5),
(101, 5),
(102, 5),
(104, 5),
(107, 5),
(108, 5),
(109, 5),
(112, 5),
(114, 5),
(119, 5),
(124, 5),
(125, 5),
(128, 5),
(129, 5),
(132, 5),
(133, 5),
(137, 5),
(146, 5),
(149, 5),
(150, 5),
(154, 5),
(158, 5),
(167, 5),
(169, 5),
(172, 5),
(174, 5),
(175, 5),
(176, 5),
(185, 5),
(187, 5),
(191, 5),
(192, 5),
(194, 5),
(196, 5),
(198, 5),
(200, 5),
(74, 6),
(41, 19),
(42, 19),
(54, 19),
(58, 19),
(68, 19),
(72, 19),
(74, 19),
(76, 19),
(77, 19),
(79, 19),
(87, 19),
(96, 19),
(101, 19),
(104, 19),
(112, 19),
(124, 19),
(125, 19),
(132, 19),
(137, 19),
(146, 19),
(154, 19),
(168, 19),
(176, 19),
(187, 19),
(191, 19),
(196, 19),
(336, 19),
(41, 20),
(42, 20),
(54, 20),
(58, 20),
(68, 20),
(74, 20),
(76, 20),
(87, 20),
(96, 20),
(104, 20),
(112, 20),
(132, 20),
(137, 20),
(41, 21),
(42, 21),
(54, 21),
(56, 21),
(58, 21),
(59, 21),
(65, 21),
(68, 21),
(72, 21),
(74, 21),
(76, 21),
(77, 21),
(79, 21),
(80, 21),
(87, 21),
(96, 21),
(101, 21),
(102, 21),
(104, 21),
(112, 21),
(124, 21),
(125, 21),
(129, 21),
(132, 21),
(133, 21),
(137, 21),
(139, 21),
(146, 21),
(149, 21),
(150, 21),
(154, 21),
(158, 21),
(167, 21),
(169, 21),
(172, 21),
(174, 21),
(176, 21),
(185, 21),
(187, 21),
(191, 21),
(192, 21),
(196, 21),
(198, 21),
(202, 21),
(41, 22),
(42, 22),
(54, 22),
(56, 22),
(58, 22),
(59, 22),
(65, 22),
(68, 22),
(72, 22),
(74, 22),
(76, 22),
(77, 22),
(79, 22),
(80, 22),
(87, 22),
(101, 22),
(102, 22),
(104, 22),
(112, 22),
(124, 22),
(125, 22),
(129, 22),
(132, 22),
(133, 22),
(137, 22),
(146, 22),
(149, 22),
(150, 22),
(154, 22),
(158, 22),
(167, 22),
(169, 22),
(172, 22),
(174, 22),
(176, 22),
(185, 22),
(187, 22),
(191, 22),
(192, 22),
(196, 22),
(198, 22),
(202, 22),
(42, 23),
(76, 23),
(132, 23),
(176, 23),
(42, 24),
(54, 24),
(58, 24),
(68, 24),
(72, 24),
(77, 24),
(96, 24),
(112, 24),
(124, 24),
(138, 24),
(146, 24),
(154, 24),
(163, 24),
(168, 24),
(219, 24),
(41, 25),
(42, 25),
(54, 25),
(68, 25),
(77, 25),
(96, 25),
(112, 25),
(137, 25),
(160, 25),
(41, 26),
(42, 26),
(54, 26),
(68, 26),
(74, 26),
(77, 26),
(96, 26),
(112, 26),
(125, 26),
(137, 26),
(168, 26),
(41, 27),
(42, 27),
(54, 27),
(58, 27),
(68, 27),
(74, 27),
(96, 27),
(112, 27),
(42, 28),
(54, 28),
(68, 28),
(74, 28),
(112, 28),
(160, 28);

-- --------------------------------------------------------

--
-- Table structure for table `EstadoCivil`
--

CREATE TABLE IF NOT EXISTS `EstadoCivil` (
  `id` int(11) NOT NULL AUTO_INCREMENT,
  `nome` varchar(45) COLLATE latin1_general_ci DEFAULT NULL,
  PRIMARY KEY (`id`)
) ENGINE=InnoDB  DEFAULT CHARSET=latin1 COLLATE=latin1_general_ci AUTO_INCREMENT=6 ;

--
-- Dumping data for table `EstadoCivil`
--

INSERT INTO `EstadoCivil` (`id`, `nome`) VALUES
(1, 'Solteiro(a)'),
(2, 'Casado(a)'),
(4, 'Viúvo(a)'),
(5, 'Divociado(a)');

-- --------------------------------------------------------

--
-- Table structure for table `Evento`
--

CREATE TABLE IF NOT EXISTS `Evento` (
  `id` int(11) NOT NULL AUTO_INCREMENT,
  `nome` varchar(45) DEFAULT NULL,
  PRIMARY KEY (`id`)
) ENGINE=InnoDB  DEFAULT CHARSET=utf8 AUTO_INCREMENT=29 ;

--
-- Dumping data for table `Evento`
--

INSERT INTO `Evento` (`id`, `nome`) VALUES
(3, 'Encontro com Deus'),
(4, 'Batismo'),
(5, 'Mover I'),
(6, 'Mover II'),
(18, 'Mover III'),
(19, 'Resgatão'),
(20, 'Enc Revisão'),
(21, 'Sem. Consol. I'),
(22, 'Sem. Consol. II'),
(23, 'Encontro de Casais'),
(24, '15º Con.Visão Cel.'),
(25, 'Enc. por Princípios'),
(26, 'Enc. Servos'),
(27, 'ReEncontro Revisão'),
(28, 'Enc. da Família');

-- --------------------------------------------------------

--
-- Table structure for table `Funcao`
--

CREATE TABLE IF NOT EXISTS `Funcao` (
  `id` int(11) NOT NULL AUTO_INCREMENT,
  `nome` varchar(45) DEFAULT NULL,
  PRIMARY KEY (`id`)
) ENGINE=InnoDB  DEFAULT CHARSET=utf8 AUTO_INCREMENT=7 ;

--
-- Dumping data for table `Funcao`
--

INSERT INTO `Funcao` (`id`, `nome`) VALUES
(1, 'Integrante'),
(2, 'Líder'),
(3, 'Nenhum'),
(6, '');

-- --------------------------------------------------------

--
-- Table structure for table `FuncaoRede`
--

CREATE TABLE IF NOT EXISTS `FuncaoRede` (
  `id` int(11) NOT NULL AUTO_INCREMENT,
  `nome` varchar(45) DEFAULT NULL,
  PRIMARY KEY (`id`)
) ENGINE=InnoDB  DEFAULT CHARSET=utf8 AUTO_INCREMENT=9 ;

--
-- Dumping data for table `FuncaoRede`
--

INSERT INTO `FuncaoRede` (`id`, `nome`) VALUES
(1, 'Discípulo(a)'),
(2, 'Líder'),
(6, 'Integrante'),
(8, 'Consolidação');

-- --------------------------------------------------------

--
-- Table structure for table `Ministerio`
--

CREATE TABLE IF NOT EXISTS `Ministerio` (
  `id` int(11) NOT NULL AUTO_INCREMENT,
  `nome` varchar(45) DEFAULT NULL,
  PRIMARY KEY (`id`)
) ENGINE=InnoDB  DEFAULT CHARSET=utf8 AUTO_INCREMENT=9 ;

--
-- Dumping data for table `Ministerio`
--

INSERT INTO `Ministerio` (`id`, `nome`) VALUES
(2, 'Louvor'),
(3, 'Intimação'),
(4, 'Nenhum'),
(5, 'Teatro'),
(6, 'Impacto 47'),
(7, 'Líder'),
(8, 'Intercessão');

-- --------------------------------------------------------

--
-- Table structure for table `MinisterioTemDiscipulo`
--

CREATE TABLE IF NOT EXISTS `MinisterioTemDiscipulo` (
  `ministerioId` int(11) NOT NULL,
  `discipuloId` int(11) NOT NULL,
  `funcaoId` int(11) NOT NULL,
  PRIMARY KEY (`ministerioId`,`discipuloId`),
  KEY `fk_Ministerio_has_Discipulo_Discipulo1` (`discipuloId`),
  KEY `fk_MinisterioTemDiscipulo_Funcao1` (`funcaoId`)
) ENGINE=InnoDB DEFAULT CHARSET=utf8;

--
-- Dumping data for table `MinisterioTemDiscipulo`
--

INSERT INTO `MinisterioTemDiscipulo` (`ministerioId`, `discipuloId`, `funcaoId`) VALUES
(2, 54, 1),
(2, 66, 1),
(2, 67, 1),
(2, 72, 1),
(2, 73, 1),
(2, 79, 1),
(2, 87, 1),
(2, 92, 1),
(2, 104, 1),
(2, 117, 1),
(2, 122, 1),
(2, 125, 1),
(2, 143, 1),
(2, 157, 1),
(2, 184, 1),
(2, 190, 1),
(2, 191, 1),
(2, 217, 1),
(3, 75, 1),
(3, 80, 1),
(3, 85, 1),
(3, 112, 1),
(3, 114, 1),
(3, 137, 1),
(3, 167, 1),
(3, 189, 1),
(3, 202, 1),
(4, 141, 1),
(5, 43, 1),
(5, 57, 1),
(5, 58, 1),
(5, 60, 1),
(5, 88, 1),
(5, 90, 1),
(5, 101, 1),
(5, 129, 1),
(5, 138, 1),
(5, 154, 1),
(5, 179, 1),
(6, 44, 1),
(6, 78, 1),
(6, 98, 1),
(6, 175, 1),
(8, 77, 1),
(8, 124, 1),
(8, 160, 1),
(8, 174, 1),
(8, 241, 1),
(2, 74, 2),
(3, 55, 2),
(5, 196, 2),
(6, 146, 2),
(6, 289, 2),
(8, 96, 2),
(8, 112, 2),
(3, 393, 3),
(4, 45, 3),
(4, 49, 3),
(4, 50, 3),
(4, 51, 3),
(4, 52, 3),
(4, 53, 3),
(4, 56, 3),
(4, 59, 3),
(4, 60, 3),
(4, 63, 3),
(4, 68, 3),
(4, 71, 3),
(4, 77, 3),
(4, 89, 3),
(4, 91, 3),
(4, 95, 3),
(4, 97, 3),
(4, 99, 3),
(4, 100, 3),
(4, 102, 3),
(4, 103, 3),
(4, 105, 3),
(4, 106, 3),
(4, 107, 3),
(4, 108, 3),
(4, 109, 3),
(4, 115, 3),
(4, 116, 3),
(4, 119, 3),
(4, 120, 3),
(4, 121, 3),
(4, 126, 3),
(4, 127, 3),
(4, 128, 3),
(4, 131, 3),
(4, 132, 3),
(4, 133, 3),
(4, 134, 3),
(4, 135, 3),
(4, 136, 3),
(4, 139, 3),
(4, 140, 3),
(4, 142, 3),
(4, 145, 3),
(4, 148, 3),
(4, 149, 3),
(4, 150, 3),
(4, 156, 3),
(4, 158, 3),
(4, 160, 3),
(4, 161, 3),
(4, 163, 3),
(4, 166, 3),
(4, 168, 3),
(4, 169, 3),
(4, 170, 3),
(4, 172, 3),
(4, 173, 3),
(4, 176, 3),
(4, 178, 3),
(4, 180, 3),
(4, 182, 3),
(4, 186, 3),
(4, 187, 3),
(4, 188, 3),
(4, 192, 3),
(4, 193, 3),
(4, 194, 3),
(4, 200, 3),
(4, 204, 3),
(4, 208, 3),
(4, 211, 3),
(4, 214, 3),
(4, 217, 3),
(4, 218, 3),
(4, 219, 3),
(4, 221, 3),
(4, 223, 3),
(4, 224, 3),
(4, 225, 3),
(4, 226, 3),
(4, 227, 3),
(4, 230, 3),
(4, 235, 3),
(4, 240, 3),
(4, 241, 3),
(4, 252, 3),
(4, 255, 3),
(4, 259, 3),
(4, 262, 3),
(4, 267, 3),
(4, 268, 3),
(4, 269, 3),
(4, 270, 3),
(4, 277, 3),
(4, 281, 3),
(4, 287, 3),
(4, 288, 3),
(4, 293, 3),
(4, 295, 3),
(4, 298, 3),
(4, 300, 3),
(4, 304, 3),
(4, 310, 3),
(4, 312, 3),
(4, 313, 3),
(4, 314, 3),
(4, 322, 3),
(4, 324, 3),
(4, 325, 3),
(4, 326, 3),
(4, 327, 3),
(4, 328, 3),
(4, 331, 3),
(4, 332, 3),
(4, 335, 3),
(4, 339, 3),
(4, 343, 3),
(4, 347, 3),
(4, 351, 3),
(4, 352, 3),
(4, 360, 3),
(4, 366, 3),
(4, 367, 3),
(4, 382, 3),
(4, 384, 3),
(4, 392, 3),
(4, 394, 3),
(4, 395, 3),
(4, 396, 3),
(8, 42, 3),
(8, 76, 3);

-- --------------------------------------------------------

--
-- Table structure for table `Oferta`
--

CREATE TABLE IF NOT EXISTS `Oferta` (
  `id` int(11) NOT NULL AUTO_INCREMENT,
  `discipuloId` int(11) NOT NULL,
  `tipoOfertaId` int(11) NOT NULL,
  `data` date DEFAULT NULL,
  PRIMARY KEY (`id`),
  KEY `fk_Oferta_Discipulo1` (`discipuloId`),
  KEY `fk_Oferta_TipoOferta1` (`tipoOfertaId`)
) ENGINE=InnoDB DEFAULT CHARSET=utf8 AUTO_INCREMENT=1 ;

--
-- Dumping data for table `Oferta`
--


-- --------------------------------------------------------

--
-- Table structure for table `Redes`
--

CREATE TABLE IF NOT EXISTS `Redes` (
  `discipuloId` int(11) NOT NULL,
  `tipoRedeId` int(11) NOT NULL,
  `funcaoRedeId` int(11) NOT NULL,
  PRIMARY KEY (`discipuloId`,`tipoRedeId`),
  UNIQUE KEY `discipuloId` (`discipuloId`),
  KEY `fk_TipoRede_has_Discipulo_Discipulo1` (`discipuloId`),
  KEY `fk_Redes_FuncaoRede1` (`funcaoRedeId`),
  KEY `fk_TipoRede_has_Discipulo_TipoRede1` (`tipoRedeId`)
) ENGINE=InnoDB DEFAULT CHARSET=utf8;

--
-- Dumping data for table `Redes`
--

INSERT INTO `Redes` (`discipuloId`, `tipoRedeId`, `funcaoRedeId`) VALUES
(41, 6, 1),
(42, 3, 1),
(43, 5, 1),
(44, 5, 1),
(45, 5, 1),
(49, 6, 1),
(50, 5, 1),
(51, 5, 1),
(52, 5, 1),
(53, 5, 1),
(56, 6, 1),
(57, 6, 1),
(58, 6, 1),
(59, 5, 1),
(60, 5, 1),
(63, 5, 1),
(65, 5, 1),
(66, 5, 1),
(67, 5, 1),
(68, 6, 1),
(71, 5, 1),
(72, 6, 1),
(73, 2, 1),
(75, 6, 1),
(76, 4, 1),
(78, 6, 1),
(79, 6, 1),
(80, 2, 1),
(85, 6, 1),
(88, 6, 1),
(89, 6, 1),
(90, 6, 1),
(91, 6, 1),
(92, 6, 1),
(95, 6, 1),
(96, 6, 1),
(97, 6, 1),
(98, 6, 1),
(99, 6, 1),
(101, 6, 1),
(102, 4, 1),
(103, 4, 1),
(104, 6, 1),
(105, 4, 1),
(106, 5, 1),
(108, 6, 1),
(109, 2, 1),
(112, 6, 1),
(114, 6, 1),
(115, 6, 1),
(116, 4, 1),
(119, 2, 1),
(120, 3, 1),
(121, 6, 1),
(122, 6, 1),
(124, 6, 1),
(125, 6, 1),
(126, 6, 1),
(127, 5, 1),
(128, 6, 1),
(129, 2, 1),
(133, 4, 1),
(134, 6, 1),
(135, 4, 1),
(136, 6, 1),
(138, 6, 1),
(139, 6, 1),
(140, 6, 1),
(141, 6, 1),
(143, 6, 1),
(145, 6, 1),
(148, 6, 1),
(150, 6, 1),
(154, 6, 1),
(161, 6, 1),
(163, 6, 1),
(166, 2, 1),
(167, 6, 1),
(169, 6, 1),
(172, 4, 1),
(174, 6, 1),
(178, 4, 1),
(179, 6, 1),
(182, 6, 1),
(186, 6, 1),
(187, 4, 1),
(188, 3, 1),
(189, 6, 1),
(190, 6, 1),
(191, 6, 1),
(192, 6, 1),
(193, 2, 1),
(194, 6, 1),
(200, 6, 1),
(204, 3, 1),
(208, 6, 1),
(211, 6, 1),
(214, 6, 1),
(217, 6, 1),
(218, 6, 1),
(219, 6, 1),
(221, 6, 1),
(223, 6, 1),
(224, 4, 1),
(225, 4, 1),
(226, 4, 1),
(227, 2, 1),
(230, 2, 1),
(235, 6, 1),
(240, 4, 1),
(241, 4, 1),
(252, 6, 1),
(255, 3, 1),
(259, 6, 1),
(262, 4, 1),
(267, 6, 1),
(268, 6, 1),
(269, 6, 1),
(270, 4, 1),
(277, 6, 1),
(281, 6, 1),
(287, 6, 1),
(288, 5, 1),
(289, 6, 1),
(290, 5, 1),
(291, 6, 1),
(298, 3, 1),
(310, 6, 1),
(312, 6, 1),
(322, 4, 1),
(324, 4, 1),
(325, 4, 1),
(327, 2, 1),
(328, 4, 1),
(331, 4, 1),
(335, 4, 1),
(336, 4, 1),
(339, 3, 1),
(342, 6, 1),
(343, 4, 1),
(346, 6, 1),
(347, 4, 1),
(351, 6, 1),
(352, 6, 1),
(364, 5, 1),
(365, 5, 1),
(367, 5, 1),
(368, 5, 1),
(369, 5, 1),
(371, 5, 1),
(373, 5, 1),
(374, 5, 1),
(378, 5, 1),
(379, 5, 1),
(380, 5, 1),
(381, 5, 1),
(382, 5, 1),
(384, 5, 1),
(385, 5, 1),
(387, 5, 1),
(388, 5, 1),
(392, 5, 1),
(393, 5, 1),
(394, 5, 1),
(396, 5, 1),
(400, 5, 1),
(401, 5, 1),
(405, 5, 1),
(406, 5, 1),
(407, 5, 1),
(408, 5, 1),
(409, 5, 1),
(411, 5, 1),
(412, 5, 1),
(413, 5, 1),
(414, 5, 1),
(415, 5, 1),
(418, 5, 1),
(420, 5, 1),
(421, 5, 1),
(423, 6, 1),
(424, 5, 1),
(54, 6, 2),
(74, 6, 2),
(77, 4, 2),
(131, 2, 2),
(132, 2, 2),
(137, 6, 2),
(149, 4, 2),
(168, 3, 2),
(55, 6, 6),
(87, 6, 6),
(100, 3, 6),
(107, 4, 6),
(117, 3, 6),
(142, 3, 6),
(146, 6, 6),
(156, 3, 6),
(157, 6, 6),
(158, 4, 6),
(160, 3, 6),
(170, 6, 6),
(173, 4, 6),
(175, 6, 6),
(176, 2, 6),
(180, 6, 6),
(184, 6, 6),
(196, 6, 6),
(202, 6, 6),
(250, 4, 6),
(358, 4, 6),
(243, 3, 8),
(293, 6, 8),
(295, 6, 8),
(300, 6, 8),
(304, 6, 8),
(313, 6, 8),
(314, 6, 8),
(326, 6, 8),
(332, 6, 8),
(353, 6, 8),
(360, 5, 8),
(361, 5, 8),
(362, 5, 8),
(363, 5, 8),
(366, 5, 8),
(370, 5, 8),
(372, 5, 8),
(375, 5, 8),
(376, 5, 8),
(377, 5, 8),
(386, 5, 8),
(389, 5, 8),
(390, 5, 8),
(391, 5, 8),
(395, 5, 8),
(397, 5, 8),
(399, 5, 8),
(402, 5, 8),
(403, 5, 8),
(404, 5, 8),
(410, 5, 8),
(416, 5, 8),
(419, 5, 8),
(425, 4, 8),
(426, 4, 8);

-- --------------------------------------------------------

--
-- Table structure for table `StatusCelular`
--

CREATE TABLE IF NOT EXISTS `StatusCelular` (
  `id` int(11) NOT NULL AUTO_INCREMENT,
  `discipuloId` int(11) NOT NULL,
  `tipoStatusCelular` int(11) NOT NULL,
  `dataInicio` date NOT NULL,
  PRIMARY KEY (`id`),
  KEY `fk_StatusCelular_TipoStatusCelular1` (`tipoStatusCelular`),
  KEY `fk_StatusCelular_Discipulo1` (`discipuloId`)
) ENGINE=InnoDB  DEFAULT CHARSET=utf8 AUTO_INCREMENT=1071 ;

--
-- Dumping data for table `StatusCelular`
--

INSERT INTO `StatusCelular` (`id`, `discipuloId`, `tipoStatusCelular`, `dataInicio`) VALUES
(9, 50, 5, '0000-00-00'),
(11, 43, 5, '0000-00-00'),
(12, 44, 5, '0000-00-00'),
(14, 46, 5, '0000-00-00'),
(15, 47, 3, '0000-00-00'),
(16, 48, 4, '0000-00-00'),
(19, 54, 7, '0000-00-00'),
(31, 55, 5, '0000-00-00'),
(34, 57, 5, '0000-00-00'),
(36, 58, 5, '0000-00-00'),
(37, 60, 5, '0000-00-00'),
(38, 63, 5, '0000-00-00'),
(39, 66, 5, '0000-00-00'),
(40, 67, 5, '0000-00-00'),
(41, 71, 5, '0000-00-00'),
(42, 72, 5, '0000-00-00'),
(43, 74, 7, '0000-00-00'),
(45, 78, 5, '0000-00-00'),
(47, 79, 5, '0000-00-00'),
(50, 75, 5, '0000-00-00'),
(125, 131, 7, '0000-00-00'),
(144, 116, 5, '0000-00-00'),
(149, 82, 5, '0000-00-00'),
(152, 107, 5, '0000-00-00'),
(154, 194, 5, '0000-00-00'),
(155, 91, 5, '0000-00-00'),
(156, 100, 7, '0000-00-00'),
(157, 102, 5, '0000-00-00'),
(158, 73, 7, '0000-00-00'),
(161, 124, 5, '0000-00-00'),
(162, 127, 4, '0000-00-00'),
(163, 129, 5, '0000-00-00'),
(164, 114, 7, '0000-00-00'),
(166, 89, 5, '0000-00-00'),
(168, 200, 5, '0000-00-00'),
(169, 95, 5, '0000-00-00'),
(172, 170, 5, '0000-00-00'),
(177, 76, 5, '0000-00-00'),
(180, 42, 5, '0000-00-00'),
(181, 87, 7, '0000-00-00'),
(188, 126, 5, '0000-00-00'),
(189, 130, 5, '0000-00-00'),
(191, 147, 5, '0000-00-00'),
(192, 148, 5, '0000-00-00'),
(193, 193, 5, '0000-00-00'),
(194, 183, 5, '0000-00-00'),
(195, 160, 5, '0000-00-00'),
(196, 179, 5, '0000-00-00'),
(197, 156, 7, '0000-00-00'),
(198, 174, 5, '0000-00-00'),
(199, 155, 5, '0000-00-00'),
(203, 41, 7, '0000-00-00'),
(212, 109, 5, '0000-00-00'),
(220, 106, 5, '0000-00-00'),
(226, 104, 5, '0000-00-00'),
(229, 101, 5, '0000-00-00'),
(234, 59, 5, '0000-00-00'),
(236, 65, 5, '0000-00-00'),
(237, 83, 5, '0000-00-00'),
(239, 85, 5, '0000-00-00'),
(241, 154, 5, '0000-00-00'),
(249, 96, 7, '0000-00-00'),
(251, 115, 5, '0000-00-00'),
(252, 117, 5, '0000-00-00'),
(253, 134, 7, '0000-00-00'),
(254, 138, 5, '0000-00-00'),
(255, 140, 5, '0000-00-00'),
(256, 142, 7, '0000-00-00'),
(257, 146, 5, '0000-00-00'),
(259, 88, 5, '0000-00-00'),
(260, 98, 5, '0000-00-00'),
(261, 90, 5, '0000-00-00'),
(262, 92, 5, '0000-00-00'),
(264, 99, 4, '0000-00-00'),
(265, 103, 5, '0000-00-00'),
(266, 105, 5, '0000-00-00'),
(270, 122, 5, '0000-00-00'),
(271, 157, 7, '0000-00-00'),
(273, 163, 5, '0000-00-00'),
(274, 184, 5, '0000-00-00'),
(275, 182, 5, '0000-00-00'),
(277, 180, 5, '0000-00-00'),
(278, 186, 5, '0000-00-00'),
(279, 173, 7, '0000-00-00'),
(280, 97, 5, '0000-00-00'),
(282, 175, 5, '0000-00-00'),
(283, 168, 7, '0000-00-00'),
(284, 190, 5, '0000-00-00'),
(285, 166, 5, '0000-00-00'),
(286, 188, 5, '0000-00-00'),
(287, 125, 7, '0000-00-00'),
(288, 137, 7, '0000-00-00'),
(289, 141, 5, '0000-00-00'),
(290, 143, 5, '0000-00-00'),
(294, 136, 5, '0000-00-00'),
(295, 144, 5, '0000-00-00'),
(297, 161, 5, '0000-00-00'),
(299, 172, 5, '0000-00-00'),
(301, 120, 5, '0000-00-00'),
(303, 128, 5, '0000-00-00'),
(304, 133, 5, '0000-00-00'),
(305, 135, 5, '0000-00-00'),
(306, 139, 5, '0000-00-00'),
(307, 145, 5, '0000-00-00'),
(308, 149, 7, '0000-00-00'),
(309, 150, 5, '0000-00-00'),
(312, 152, 5, '0000-00-00'),
(314, 158, 5, '0000-00-00'),
(315, 162, 5, '0000-00-00'),
(316, 167, 5, '0000-00-00'),
(317, 169, 5, '0000-00-00'),
(319, 176, 5, '0000-00-00'),
(320, 185, 5, '0000-00-00'),
(321, 187, 7, '0000-00-00'),
(322, 189, 5, '0000-00-00'),
(323, 191, 5, '0000-00-00'),
(324, 192, 5, '0000-00-00'),
(325, 196, 7, '0000-00-00'),
(326, 197, 5, '0000-00-00'),
(327, 52, 4, '0000-00-00'),
(329, 201, 5, '0000-00-00'),
(330, 68, 7, '0000-00-00'),
(331, 202, 5, '0000-00-00'),
(332, 86, 4, '0000-00-00'),
(333, 198, 5, '0000-00-00'),
(334, 56, 5, '0000-00-00'),
(335, 132, 7, '0000-00-00'),
(336, 51, 4, '0000-00-00'),
(508, 230, 4, '0000-00-00'),
(618, 204, 5, '2012-07-16'),
(620, 217, 5, '2012-07-16'),
(622, 235, 5, '2012-07-16'),
(624, 223, 5, '2012-07-16'),
(625, 178, 5, '2012-07-16'),
(626, 240, 5, '2012-07-16'),
(627, 253, 5, '2012-07-16'),
(629, 259, 5, '2012-07-16'),
(631, 214, 5, '2012-07-16'),
(632, 270, 5, '2012-07-16'),
(633, 263, 5, '2012-07-16'),
(634, 241, 5, '2012-07-16'),
(635, 234, 5, '2012-07-16'),
(636, 215, 5, '2012-07-16'),
(638, 268, 5, '2012-07-16'),
(639, 220, 5, '2012-07-16'),
(640, 277, 5, '2012-07-16'),
(641, 218, 5, '2012-07-16'),
(642, 208, 5, '2012-07-16'),
(643, 266, 5, '2012-07-16'),
(644, 219, 5, '2012-07-16'),
(645, 269, 5, '2012-07-16'),
(646, 280, 5, '2012-07-16'),
(648, 285, 5, '2012-07-16'),
(649, 287, 5, '2012-07-16'),
(651, 236, 5, '2012-07-16'),
(652, 250, 5, '2012-07-16'),
(653, 247, 5, '2012-07-16'),
(655, 262, 5, '2012-07-16'),
(657, 222, 5, '2012-07-16'),
(658, 252, 5, '2012-07-16'),
(659, 281, 5, '2012-07-16'),
(660, 45, 5, '2012-07-28'),
(665, 211, 5, '2012-07-29'),
(670, 53, 4, '2012-08-15'),
(673, 80, 7, '2012-08-17'),
(674, 226, 3, '2012-08-17'),
(679, 221, 5, '2012-09-13'),
(680, 289, 9, '2012-09-24'),
(681, 290, 4, '2012-09-29'),
(682, 226, 4, '2012-10-03'),
(683, 47, 4, '2012-10-03'),
(684, 224, 4, '2012-10-04'),
(685, 227, 4, '2012-10-04'),
(686, 232, 4, '2012-10-04'),
(687, 245, 4, '2012-10-04'),
(688, 48, 5, '2012-10-04'),
(690, 183, 4, '2012-10-04'),
(691, 288, 4, '2012-10-04'),
(692, 86, 5, '2012-10-04'),
(693, 47, 5, '2012-10-04'),
(694, 254, 4, '2012-10-04'),
(696, 234, 4, '2012-10-04'),
(697, 49, 4, '2012-10-04'),
(698, 99, 5, '2012-10-04'),
(699, 265, 4, '2012-10-04'),
(700, 237, 4, '2012-10-04'),
(701, 121, 5, '2012-10-04'),
(702, 121, 4, '2012-10-04'),
(703, 127, 5, '2012-10-04'),
(704, 235, 4, '2012-10-04'),
(705, 233, 4, '2012-10-04'),
(706, 225, 4, '2012-10-04'),
(708, 229, 4, '2012-10-04'),
(709, 228, 4, '2012-10-04'),
(710, 260, 4, '2012-10-04'),
(711, 243, 4, '2012-10-04'),
(713, 244, 4, '2012-10-04'),
(714, 104, 9, '2012-10-04'),
(715, 193, 9, '2012-10-04'),
(716, 193, 9, '2012-10-04'),
(717, 160, 9, '2012-10-04'),
(718, 184, 9, '2012-10-04'),
(720, 148, 10, '2012-10-04'),
(721, 180, 10, '2012-10-04'),
(722, 100, 10, '2012-10-04'),
(724, 158, 9, '2012-10-04'),
(725, 176, 9, '2012-10-04'),
(726, 202, 9, '2012-10-04'),
(727, 107, 9, '2012-10-04'),
(728, 146, 9, '2012-10-04'),
(729, 55, 9, '2012-10-04'),
(730, 170, 9, '2012-10-04'),
(731, 175, 9, '2012-10-04'),
(732, 145, 10, '2012-10-04'),
(736, 141, 10, '2012-10-05'),
(755, 307, 8, '2012-10-09'),
(770, 320, 8, '2012-10-09'),
(790, 334, 8, '2012-10-09'),
(793, 235, 5, '2012-10-09'),
(794, 336, 5, '2012-10-09'),
(817, 354, 8, '2012-10-15'),
(818, 355, 8, '2012-10-16'),
(822, 294, 4, '2012-10-19'),
(823, 303, 4, '2012-10-19'),
(824, 304, 4, '2012-10-19'),
(826, 354, 4, '2012-10-19'),
(829, 119, 4, '2012-10-19'),
(830, 46, 4, '2012-10-19'),
(831, 314, 4, '2012-10-19'),
(832, 350, 4, '2012-10-19'),
(833, 349, 4, '2012-10-19'),
(834, 348, 4, '2012-10-19'),
(837, 332, 4, '2012-10-19'),
(838, 292, 4, '2012-10-19'),
(839, 297, 4, '2012-10-19'),
(840, 307, 4, '2012-10-19'),
(841, 323, 4, '2012-10-19'),
(842, 291, 5, '2012-10-23'),
(843, 296, 5, '2012-10-23'),
(844, 298, 5, '2012-10-23'),
(845, 126, 5, '2012-10-23'),
(846, 333, 5, '2012-10-23'),
(848, 355, 5, '2012-10-23'),
(849, 315, 5, '2012-10-23'),
(850, 338, 5, '2012-10-23'),
(851, 318, 5, '2012-10-23'),
(852, 97, 5, '2012-10-23'),
(853, 356, 5, '2012-10-23'),
(854, 45, 5, '2012-10-23'),
(855, 351, 5, '2012-10-23'),
(856, 320, 5, '2012-10-23'),
(857, 115, 5, '2012-10-23'),
(859, 117, 9, '2012-10-23'),
(860, 321, 5, '2012-10-23'),
(861, 352, 5, '2012-10-23'),
(862, 138, 5, '2012-10-23'),
(863, 330, 5, '2012-10-23'),
(864, 339, 5, '2012-10-23'),
(865, 267, 5, '2012-10-23'),
(866, 266, 5, '2012-10-23'),
(867, 335, 5, '2012-10-23'),
(868, 299, 5, '2012-10-23'),
(869, 357, 5, '2012-10-23'),
(870, 281, 5, '2012-10-23'),
(871, 342, 5, '2012-10-23'),
(872, 310, 5, '2012-10-23'),
(873, 341, 5, '2012-10-23'),
(874, 277, 5, '2012-10-23'),
(875, 312, 5, '2012-10-23'),
(877, 346, 5, '2012-10-23'),
(878, 343, 5, '2012-10-23'),
(879, 358, 5, '2012-10-23'),
(880, 322, 5, '2012-10-23'),
(881, 324, 5, '2012-10-23'),
(882, 325, 5, '2012-10-23'),
(883, 225, 5, '2012-10-23'),
(884, 327, 5, '2012-10-23'),
(885, 163, 5, '2012-10-23'),
(886, 328, 5, '2012-10-23'),
(887, 331, 5, '2012-10-23'),
(888, 347, 5, '2012-10-23'),
(889, 59, 5, '2012-10-23'),
(890, 360, 5, '2012-10-26'),
(891, 361, 4, '2012-10-26'),
(892, 362, 4, '2012-10-26'),
(893, 363, 4, '2012-10-26'),
(894, 364, 5, '2012-10-26'),
(895, 365, 5, '2012-10-26'),
(896, 366, 4, '2012-10-26'),
(897, 367, 5, '2012-10-26'),
(898, 368, 5, '2012-10-26'),
(899, 369, 5, '2012-10-26'),
(900, 370, 4, '2012-10-26'),
(901, 371, 5, '2012-10-26'),
(902, 372, 4, '2012-10-26'),
(903, 373, 5, '2012-10-26'),
(904, 374, 5, '2012-10-26'),
(905, 375, 4, '2012-10-26'),
(906, 376, 4, '2012-10-26'),
(907, 377, 4, '2012-10-26'),
(908, 378, 5, '2012-10-26'),
(909, 379, 5, '2012-10-26'),
(910, 380, 5, '2012-10-26'),
(911, 381, 5, '2012-10-26'),
(915, 385, 5, '2012-10-26'),
(916, 386, 5, '2012-10-26'),
(918, 382, 5, '2012-10-26'),
(921, 387, 5, '2012-10-26'),
(922, 388, 5, '2012-10-26'),
(923, 389, 4, '2012-10-26'),
(924, 390, 4, '2012-10-26'),
(925, 391, 4, '2012-10-26'),
(926, 392, 5, '2012-10-26'),
(927, 393, 5, '2012-10-26'),
(928, 394, 5, '2012-10-26'),
(929, 395, 4, '2012-10-26'),
(930, 396, 4, '2012-10-26'),
(931, 397, 4, '2012-10-26'),
(933, 399, 4, '2012-10-26'),
(934, 400, 5, '2012-10-26'),
(935, 401, 5, '2012-10-26'),
(936, 402, 4, '2012-10-26'),
(937, 403, 4, '2012-10-26'),
(938, 404, 4, '2012-10-26'),
(939, 405, 5, '2012-10-26'),
(940, 293, 4, '2012-10-26'),
(941, 295, 4, '2012-10-26'),
(942, 289, 9, '2012-10-26'),
(943, 300, 4, '2012-10-26'),
(944, 302, 4, '2012-10-26'),
(945, 359, 4, '2012-10-26'),
(946, 305, 4, '2012-10-26'),
(947, 306, 4, '2012-10-26'),
(948, 337, 4, '2012-10-26'),
(949, 353, 4, '2012-10-26'),
(951, 326, 4, '2012-10-26'),
(952, 309, 4, '2012-10-26'),
(953, 311, 4, '2012-10-26'),
(955, 255, 4, '2012-10-26'),
(956, 334, 4, '2012-10-26'),
(957, 344, 4, '2012-10-26'),
(958, 319, 4, '2012-10-26'),
(959, 406, 5, '2012-10-26'),
(960, 407, 5, '2012-10-26'),
(961, 408, 5, '2012-10-26'),
(962, 409, 5, '2012-10-26'),
(963, 410, 4, '2012-10-26'),
(964, 411, 5, '2012-10-26'),
(965, 412, 5, '2012-10-26'),
(966, 413, 5, '2012-10-26'),
(967, 414, 5, '2012-10-26'),
(968, 415, 5, '2012-10-26'),
(969, 416, 4, '2012-10-26'),
(971, 418, 5, '2012-10-26'),
(972, 419, 4, '2012-10-26'),
(973, 420, 5, '2012-10-26'),
(974, 421, 5, '2012-10-26'),
(976, 423, 5, '2012-10-27'),
(977, 77, 9, '2012-10-30'),
(978, 424, 5, '2012-10-30'),
(979, 384, 5, '2012-10-30'),
(980, 425, 4, '2012-10-31'),
(981, 426, 4, '2012-10-31'),
(983, 428, 4, '2012-10-31'),
(984, 429, 4, '2012-10-31'),
(985, 112, 7, '2012-10-31'),
(988, 313, 4, '2012-11-05'),
(989, 108, 4, '2012-11-05'),
(991, 430, 8, '2012-12-01'),
(992, 46, 8, '2012-12-01'),
(993, 431, 8, '2012-12-01'),
(994, 432, 8, '2012-12-01'),
(996, 434, 8, '2012-12-01'),
(997, 435, 8, '2012-12-01'),
(998, 436, 8, '2012-12-01'),
(999, 437, 8, '2012-12-01'),
(1000, 318, 8, '2012-12-01'),
(1001, 291, 8, '2012-12-01'),
(1003, 439, 8, '2012-12-01'),
(1004, 440, 8, '2012-12-01'),
(1005, 441, 8, '2012-12-01'),
(1006, 442, 8, '2012-12-01'),
(1007, 443, 8, '2012-12-01'),
(1008, 444, 8, '2012-12-01'),
(1009, 445, 8, '2012-12-01'),
(1010, 446, 8, '2012-12-01'),
(1012, 448, 8, '2012-12-02'),
(1015, 449, 8, '2012-12-02'),
(1016, 450, 8, '2012-12-02'),
(1017, 451, 8, '2012-12-02'),
(1018, 452, 8, '2012-12-02'),
(1019, 453, 8, '2012-12-02'),
(1020, 327, 8, '2012-12-02'),
(1021, 173, 8, '2012-12-02'),
(1022, 454, 8, '2012-12-02'),
(1023, 455, 8, '2012-12-02'),
(1024, 456, 8, '2012-12-02'),
(1025, 457, 8, '2012-12-02'),
(1026, 458, 8, '2012-12-02'),
(1027, 50, 8, '2012-12-02'),
(1045, 459, 8, '2012-12-02'),
(1046, 460, 8, '2012-12-02'),
(1047, 461, 8, '2012-12-02'),
(1048, 108, 8, '2012-12-02'),
(1049, 462, 8, '2012-12-02'),
(1050, 303, 8, '2012-12-02'),
(1051, 463, 8, '2012-12-02'),
(1053, 412, 8, '2012-12-02'),
(1054, 465, 8, '2012-12-02'),
(1055, 466, 8, '2012-12-02'),
(1056, 467, 8, '2012-12-02'),
(1057, 85, 8, '2012-12-05'),
(1058, 167, 8, '2012-12-05'),
(1059, 63, 8, '2012-12-05'),
(1060, 468, 8, '2012-12-05'),
(1061, 469, 8, '2012-12-05'),
(1062, 470, 8, '2012-12-05'),
(1063, 471, 8, '2012-12-05'),
(1064, 472, 8, '2012-12-05'),
(1065, 473, 8, '2012-12-05'),
(1066, 114, 8, '2012-12-07'),
(1067, 137, 7, '2012-12-07'),
(1068, 295, 8, '2012-12-07'),
(1069, 474, 8, '2012-12-07'),
(1070, 475, 8, '2012-12-07');

-- --------------------------------------------------------

--
-- Table structure for table `TipoAdmissao`
--

CREATE TABLE IF NOT EXISTS `TipoAdmissao` (
  `id` int(11) NOT NULL AUTO_INCREMENT,
  `nome` varchar(45) DEFAULT NULL,
  PRIMARY KEY (`id`)
) ENGINE=InnoDB  DEFAULT CHARSET=utf8 AUTO_INCREMENT=4 ;

--
-- Dumping data for table `TipoAdmissao`
--

INSERT INTO `TipoAdmissao` (`id`, `nome`) VALUES
(1, 'Criança'),
(2, 'Aclamação'),
(3, 'Transferência');

-- --------------------------------------------------------

--
-- Table structure for table `TipoOferta`
--

CREATE TABLE IF NOT EXISTS `TipoOferta` (
  `id` int(11) NOT NULL AUTO_INCREMENT,
  `nome` varchar(45) DEFAULT NULL,
  PRIMARY KEY (`id`)
) ENGINE=InnoDB DEFAULT CHARSET=utf8 AUTO_INCREMENT=1 ;

--
-- Dumping data for table `TipoOferta`
--


-- --------------------------------------------------------

--
-- Table structure for table `TipoRede`
--

CREATE TABLE IF NOT EXISTS `TipoRede` (
  `id` int(11) NOT NULL AUTO_INCREMENT,
  `nome` varchar(45) DEFAULT NULL,
  PRIMARY KEY (`id`)
) ENGINE=InnoDB  DEFAULT CHARSET=utf8 AUTO_INCREMENT=7 ;

--
-- Dumping data for table `TipoRede`
--

INSERT INTO `TipoRede` (`id`, `nome`) VALUES
(1, 'Família'),
(2, 'Só Nós Dois'),
(3, 'Sacerdotes em Ação'),
(4, 'Entre Elas'),
(5, 'Geração Inocente'),
(6, 'Jovens Autênticos');

-- --------------------------------------------------------

--
-- Table structure for table `TipoStatusCelular`
--

CREATE TABLE IF NOT EXISTS `TipoStatusCelular` (
  `id` int(11) NOT NULL AUTO_INCREMENT,
  `nome` varchar(45) DEFAULT NULL,
  `descricao` text NOT NULL,
  `ordem` int(11) NOT NULL,
  `cor` varchar(45) NOT NULL,
  PRIMARY KEY (`id`)
) ENGINE=InnoDB  DEFAULT CHARSET=utf8 AUTO_INCREMENT=11 ;

--
-- Dumping data for table `TipoStatusCelular`
--

INSERT INTO `TipoStatusCelular` (`id`, `nome`, `descricao`, `ordem`, `cor`) VALUES
(3, 'Visitante', '', 0, ''),
(4, 'Consolidação', '', 0, ''),
(5, 'Discípulo(a)', '', 0, ''),
(7, '12, 1ª Equipe', '12, 1ª Equipe', 0, '0'),
(8, 'Enc.com Deus', 'Enc.com Deus', 0, '0'),
(9, '12, 2ª Equipe', '12, 2ª Equipe', 0, '0'),
(10, 'Inativo', 'inativos', 0, '0');

-- --------------------------------------------------------

--
-- Table structure for table `permissions`
--

CREATE TABLE IF NOT EXISTS `permissions` (
  `ID` int(11) NOT NULL AUTO_INCREMENT,
  `permKey` varchar(45) DEFAULT NULL,
  `permName` varchar(45) DEFAULT NULL,
  PRIMARY KEY (`ID`)
) ENGINE=InnoDB DEFAULT CHARSET=utf8 AUTO_INCREMENT=1 ;

--
-- Dumping data for table `permissions`
--


-- --------------------------------------------------------

--
-- Table structure for table `role_perms`
--

CREATE TABLE IF NOT EXISTS `role_perms` (
  `ID` int(11) NOT NULL AUTO_INCREMENT,
  `permID` int(11) DEFAULT NULL,
  `roleID` int(11) DEFAULT NULL,
  `value` tinyint(4) DEFAULT NULL,
  `addDate` datetime DEFAULT NULL,
  PRIMARY KEY (`ID`),
  KEY `fk_permissions_has_roles_roles1` (`roleID`),
  KEY `fk_permissions_has_roles_permissions1` (`permID`)
) ENGINE=InnoDB DEFAULT CHARSET=utf8 AUTO_INCREMENT=1 ;

--
-- Dumping data for table `role_perms`
--


-- --------------------------------------------------------

--
-- Table structure for table `roles`
--

CREATE TABLE IF NOT EXISTS `roles` (
  `ID` int(11) NOT NULL AUTO_INCREMENT,
  `roleName` varchar(45) DEFAULT NULL,
  PRIMARY KEY (`ID`)
) ENGINE=InnoDB DEFAULT CHARSET=utf8 AUTO_INCREMENT=1 ;

--
-- Dumping data for table `roles`
--


-- --------------------------------------------------------

--
-- Table structure for table `user_perms`
--

CREATE TABLE IF NOT EXISTS `user_perms` (
  `ID` int(11) NOT NULL AUTO_INCREMENT,
  `userID` int(11) DEFAULT NULL,
  `permID` int(11) DEFAULT NULL,
  `value` tinyint(4) DEFAULT NULL,
  `addDate` datetime DEFAULT NULL,
  PRIMARY KEY (`ID`),
  KEY `fk_Discipulo_has_permissions_permissions1` (`permID`),
  KEY `fk_Discipulo_has_permissions_Discipulo1` (`userID`)
) ENGINE=InnoDB DEFAULT CHARSET=utf8 AUTO_INCREMENT=1 ;

--
-- Dumping data for table `user_perms`
--


-- --------------------------------------------------------

--
-- Table structure for table `user_roles`
--

CREATE TABLE IF NOT EXISTS `user_roles` (
  `userID` int(11) NOT NULL,
  `roleID` int(11) NOT NULL,
  `addDate` datetime DEFAULT NULL,
  PRIMARY KEY (`userID`,`roleID`),
  KEY `fk_Discipulo_has_roles_roles1` (`roleID`)
) ENGINE=InnoDB DEFAULT CHARSET=utf8;

--
-- Dumping data for table `user_roles`
--


--
-- Constraints for dumped tables
--

--
-- Constraints for table `Admissao`
--
ALTER TABLE `Admissao`
  ADD CONSTRAINT `fk_Admissao_Discipulo1` FOREIGN KEY (`discipuloId`) REFERENCES `Discipulo` (`id`) ON DELETE CASCADE ON UPDATE NO ACTION,
  ADD CONSTRAINT `fk_Discipulo_has_TipoAdmissao_TipoAdmissao1` FOREIGN KEY (`tipoAdmissao`) REFERENCES `TipoAdmissao` (`id`) ON DELETE NO ACTION ON UPDATE NO ACTION;

--
-- Constraints for table `Celula`
--
ALTER TABLE `Celula`
  ADD CONSTRAINT `fk_Celula_Discipulo2` FOREIGN KEY (`lider`) REFERENCES `Discipulo` (`id`) ON DELETE NO ACTION ON UPDATE NO ACTION;

--
-- Constraints for table `Discipulo`
--
ALTER TABLE `Discipulo`
  ADD CONSTRAINT `fk_Discipulo_Celula1` FOREIGN KEY (`celula`) REFERENCES `Celula` (`id`) ON DELETE SET NULL ON UPDATE NO ACTION,
  ADD CONSTRAINT `fk_Discipulo_Discipulo` FOREIGN KEY (`lider`) REFERENCES `Discipulo` (`id`) ON DELETE SET NULL ON UPDATE NO ACTION,
  ADD CONSTRAINT `fk_Discipulo_EstadoCivil1` FOREIGN KEY (`estadoCivilId`) REFERENCES `EstadoCivil` (`id`) ON DELETE NO ACTION ON UPDATE NO ACTION;

--
-- Constraints for table `DiscipuloTemEvento`
--
ALTER TABLE `DiscipuloTemEvento`
  ADD CONSTRAINT `fk_Discipulo_has_Evento_Discipulo1` FOREIGN KEY (`discipuloId`) REFERENCES `Discipulo` (`id`) ON DELETE CASCADE ON UPDATE NO ACTION,
  ADD CONSTRAINT `fk_Discipulo_has_Evento_Evento1` FOREIGN KEY (`eventoId`) REFERENCES `Evento` (`id`) ON DELETE NO ACTION ON UPDATE NO ACTION;

--
-- Constraints for table `MinisterioTemDiscipulo`
--
ALTER TABLE `MinisterioTemDiscipulo`
  ADD CONSTRAINT `fk_MinisterioTemDiscipulo_Funcao1` FOREIGN KEY (`funcaoId`) REFERENCES `Funcao` (`id`) ON DELETE CASCADE ON UPDATE CASCADE,
  ADD CONSTRAINT `fk_Ministerio_has_Discipulo_Discipulo1` FOREIGN KEY (`discipuloId`) REFERENCES `Discipulo` (`id`) ON DELETE CASCADE ON UPDATE CASCADE,
  ADD CONSTRAINT `fk_Ministerio_has_Discipulo_Ministerio1` FOREIGN KEY (`ministerioId`) REFERENCES `Ministerio` (`id`) ON DELETE CASCADE ON UPDATE CASCADE;

--
-- Constraints for table `Oferta`
--
ALTER TABLE `Oferta`
  ADD CONSTRAINT `fk_Oferta_Discipulo1` FOREIGN KEY (`discipuloId`) REFERENCES `Discipulo` (`id`) ON DELETE CASCADE ON UPDATE CASCADE,
  ADD CONSTRAINT `fk_Oferta_TipoOferta1` FOREIGN KEY (`tipoOfertaId`) REFERENCES `TipoOferta` (`id`) ON DELETE NO ACTION ON UPDATE NO ACTION;

--
-- Constraints for table `Redes`
--
ALTER TABLE `Redes`
  ADD CONSTRAINT `fk_Redes_FuncaoRede1` FOREIGN KEY (`funcaoRedeId`) REFERENCES `FuncaoRede` (`id`) ON DELETE NO ACTION ON UPDATE NO ACTION,
  ADD CONSTRAINT `fk_TipoRede_has_Discipulo_Discipulo1` FOREIGN KEY (`discipuloId`) REFERENCES `Discipulo` (`id`) ON DELETE CASCADE ON UPDATE NO ACTION,
  ADD CONSTRAINT `fk_TipoRede_has_Discipulo_TipoRede1` FOREIGN KEY (`tipoRedeId`) REFERENCES `TipoRede` (`id`) ON DELETE NO ACTION ON UPDATE NO ACTION;

--
-- Constraints for table `StatusCelular`
--
ALTER TABLE `StatusCelular`
  ADD CONSTRAINT `fk_StatusCelular_Discipulo1` FOREIGN KEY (`discipuloId`) REFERENCES `Discipulo` (`id`) ON DELETE CASCADE ON UPDATE NO ACTION,
  ADD CONSTRAINT `fk_StatusCelular_TipoStatusCelular1` FOREIGN KEY (`tipoStatusCelular`) REFERENCES `TipoStatusCelular` (`id`) ON DELETE NO ACTION ON UPDATE NO ACTION;

--
-- Constraints for table `role_perms`
--
ALTER TABLE `role_perms`
  ADD CONSTRAINT `fk_permissions_has_roles_permissions1` FOREIGN KEY (`permID`) REFERENCES `permissions` (`ID`) ON DELETE NO ACTION ON UPDATE NO ACTION,
  ADD CONSTRAINT `fk_permissions_has_roles_roles1` FOREIGN KEY (`roleID`) REFERENCES `roles` (`ID`) ON DELETE NO ACTION ON UPDATE NO ACTION;

--
-- Constraints for table `user_perms`
--
ALTER TABLE `user_perms`
  ADD CONSTRAINT `fk_Discipulo_has_permissions_Discipulo1` FOREIGN KEY (`userID`) REFERENCES `Discipulo` (`id`) ON DELETE NO ACTION ON UPDATE NO ACTION,
  ADD CONSTRAINT `fk_Discipulo_has_permissions_permissions1` FOREIGN KEY (`permID`) REFERENCES `permissions` (`ID`) ON DELETE NO ACTION ON UPDATE NO ACTION;

--
-- Constraints for table `user_roles`
--
ALTER TABLE `user_roles`
  ADD CONSTRAINT `fk_Discipulo_has_roles_Discipulo1` FOREIGN KEY (`userID`) REFERENCES `Discipulo` (`id`) ON DELETE CASCADE ON UPDATE NO ACTION,
  ADD CONSTRAINT `fk_Discipulo_has_roles_roles1` FOREIGN KEY (`roleID`) REFERENCES `roles` (`ID`) ON DELETE NO ACTION ON UPDATE NO ACTION;
